p,rate_0.05,rate_0.10,rate_0.20
0.0,0.0,0.0,0.0
0.000768,0.018317,1e-06,0.0
0.001536,0.07116,2e-05,0.0
0.002304,0.155496,9.7e-05,0.0
0.003072,0.268465,0.000299,0.0
0.00384,0.407372,0.000709,0.0
0.004608,0.569673,0.00143,0.0
0.005376,0.752978,0.002577,0.0
0.006144,0.955035,0.004276,0.0
0.006912,1.173728,0.006661,0.0
0.007679,1.40707,0.009874,0.0
0.008447,1.653196,0.014059,0.0
0.009215,1.910359,0.019364,0.0
0.009983,2.176922,0.025936,0.0
0.010751,2.451353,0.033925,0.0
0.011519,2.732223,0.043474,1e-06
0.012287,3.018195,0.054726,1e-06
0.013055,3.308026,0.067818,2e-06
0.013823,3.600559,0.082884,3e-06
0.014591,3.894717,0.10005,4e-06
0.015359,4.189502,0.119435,6e-06
0.016127,4.483991,0.141153,9e-06
0.016895,4.777329,0.165309,1.2e-05
0.017663,5.068729,0.191999,1.7e-05
0.018431,5.357466,0.221313,2.3e-05
0.019199,5.642874,0.253329,3.1e-05
0.019967,5.924345,0.288119,4.2e-05
0.020735,6.201322,0.325744,5.5e-05
0.021503,6.473302,0.366259,7.2e-05
0.02227,6.739825,0.409707,9.3e-05
0.023038,7.00048,0.456122,0.000119
0.023806,7.254895,0.505532,0.00015
0.024574,7.502741,0.557953,0.000189
0.025342,7.743725,0.613394,0.000236
0.02611,7.977589,0.671856,0.000292
0.026878,8.204109,0.733329,0.000359
0.027646,8.423093,0.7978,0.000439
0.028414,8.634376,0.865243,0.000533
0.029182,8.837824,0.935627,0.000643
0.02995,9.033326,1.008915,0.000771
0.030718,9.220796,1.085061,0.000921
0.031486,9.400171,1.164012,0.001094
0.032254,9.571408,1.245712,0.001293
0.033022,9.734486,1.330095,0.001522
0.03379,9.889399,1.417092,0.001784
0.034558,10.03616,1.506628,0.002081
0.035326,10.174797,1.598623,0.002419
0.036093,10.305354,1.692992,0.002801
0.036861,10.427887,1.789647,0.003231
0.037629,10.542464,1.888494,0.003715
0.038397,10.649166,1.989438,0.004256
0.039165,10.748084,2.092378,0.004861
0.039933,10.839318,2.197211,0.005534
0.040701,10.922977,2.303833,0.006282
0.041469,10.999177,2.412135,0.007111
0.042237,11.068045,2.522007,0.008027
0.043005,11.129709,2.633338,0.009036
0.043773,11.184306,2.746014,0.010147
0.044541,11.231979,2.859922,0.011366
0.045309,11.272873,2.974945,0.0127
0.046077,11.307138,3.090968,0.014159
0.046845,11.334928,3.207874,0.015749
0.047613,11.3564,3.325546,0.01748
0.048381,11.371713,3.443868,0.019361
0.049149,11.381027,3.562724,0.021401
0.049917,11.384506,3.681997,0.023608
0.050684,11.382313,3.801573,0.025994
0.051452,11.374613,3.921336,0.028568
0.05222,11.361572,4.041174,0.031339
0.052988,11.343355,4.160975,0.03432
0.053756,11.320127,4.280627,0.03752
0.054524,11.292053,4.400022,0.040951
0.055292,11.259298,4.519052,0.044624
0.05606,11.222026,4.637612,0.04855
0.056828,11.180398,4.755597,0.052741
0.057596,11.134577,4.872907,0.057209
0.058364,11.084721,4.989441,0.061966
0.059132,11.030989,5.105103,0.067024
0.0599,10.973537,5.219797,0.072396
0.060668,10.912519,5.333433,0.078094
0.061436,10.848087,5.445919,0.08413
0.062204,10.780392,5.557169,0.090519
0.062972,10.709581,5.667099,0.097271
0.06374,10.6358,5.775626,0.104401
0.064508,10.55919,5.882672,0.11192
0.065275,10.479893,5.988161,0.119843
0.066043,10.398045,6.09202,0.128182
0.066811,10.313782,6.194178,0.13695
0.067579,10.227236,6.294568,0.14616
0.068347,10.138536,6.393125,0.155824
0.069115,10.047808,6.489789,0.165957
0.069883,9.955176,6.5845,0.17657
0.070651,9.86076,6.677202,0.187676
0.071419,9.764679,6.767845,0.199288
0.072187,9.667046,6.856377,0.211418
0.072955,9.567975,6.942752,0.224079
0.073723,9.467574,7.026926,0.237282
0.074491,9.365948,7.108858,0.251039
0.075259,9.263202,7.188511,0.265363
0.076027,9.159435,7.265849,0.280264
0.076795,9.054745,7.340839,0.295754
0.077563,8.949226,7.413452,0.311843
0.078331,8.842969,7.483662,0.328543
0.079098,8.736064,7.551444,0.345863
0.079866,8.628597,7.616777,0.363814
0.080634,8.52065,7.679641,0.382405
0.081402,8.412304,7.740021,0.401645
0.08217,8.303638,7.797903,0.421544
0.082938,8.194725,7.853275,0.442109
0.083706,8.085638,7.906129,0.46335
0.084474,7.976448,7.956458,0.485273
0.085242,7.867222,8.004258,0.507886
0.08601,7.758024,8.049527,0.531196
0.086778,7.648916,8.092266,0.555209
0.087546,7.53996,8.132476,0.579931
0.088314,7.431211,8.170162,0.605367
0.089082,7.322727,8.205331,0.631522
0.08985,7.214558,8.237992,0.658401
0.090618,7.106757,8.268154,0.686007
0.091386,6.999371,8.29583,0.714344
0.092154,6.892447,8.321033,0.743414
0.092922,6.78603,8.34378,0.77322
0.093689,6.68016,8.364088,0.803763
0.094457,6.57488,8.381976,0.835044
0.095225,6.470227,8.397464,0.867064
0.095993,6.366237,8.410574,0.899823
0.096761,6.262944,8.421329,0.93332
0.097529,6.160383,8.429754,0.967554
0.098297,6.058582,8.435876,1.002523
0.099065,5.957573,8.43972,1.038225
0.099833,5.857381,8.441316,1.074656
0.100601,5.758034,8.440694,1.111813
0.101369,5.659556,8.437882,1.149692
0.102137,5.561969,8.432914,1.188288
0.102905,5.465294,8.425821,1.227596
0.103673,5.369553,8.416637,1.26761
0.104441,5.274762,8.405395,1.308322
0.105209,5.18094,8.392131,1.349726
0.105977,5.088102,8.376881,1.391814
0.106745,4.996263,8.35968,1.434579
0.107513,4.905435,8.340565,1.47801
0.10828,4.815632,8.319574,1.522098
0.109048,4.726865,8.296745,1.566834
0.109816,4.639142,8.272116,1.612206
0.110584,4.552473,8.245726,1.658204
0.111352,4.466866,8.217614,1.704815
0.11212,4.382328,8.18782,1.752029
0.112888,4.298864,8.156384,1.799831
0.113656,4.216479,8.123345,1.848208
0.114424,4.135177,8.088744,1.897147
0.115192,4.054962,8.052622,1.946634
0.11596,3.975836,8.015018,1.996653
0.116728,3.8978,7.975974,2.04719
0.117496,3.820855,7.93553,2.098228
0.118264,3.745001,7.893727,2.149752
0.119032,3.670238,7.850605,2.201745
0.1198,3.596564,7.806206,2.25419
0.120568,3.523977,7.760569,2.307069
0.121336,3.452475,7.713736,2.360364
0.122104,3.382055,7.665746,2.414059
0.122871,3.312713,7.616639,2.468132
0.123639,3.244444,7.566455,2.522567
0.124407,3.177245,7.515235,2.577344
0.125175,3.111109,7.463017,2.632442
0.125943,3.046031,7.409841,2.687843
0.126711,2.982006,7.355745,2.743526
0.127479,2.919026,7.300768,2.79947
0.128247,2.857084,7.244948,2.855655
0.129015,2.796174,7.188323,2.912059
0.129783,2.736288,7.13093,2.968663
0.130551,2.677418,7.072806,3.025443
0.131319,2.619555,7.013989,3.082379
0.132087,2.562691,6.954513,3.13945
0.132855,2.506818,6.894415,3.196632
0.133623,2.451926,6.83373,3.253904
0.134391,2.398006,6.772493,3.311244
0.135159,2.345048,6.710737,3.368629
0.135927,2.293043,6.648498,3.426037
0.136694,2.241981,6.585807,3.483446
0.137462,2.191852,6.522699,3.540834
0.13823,2.142645,6.459204,3.598176
0.138998,2.094351,6.395355,3.655452
0.139766,2.046958,6.331182,3.712639
0.140534,2.000456,6.266717,3.769713
0.141302,1.954835,6.201989,3.826652
0.14207,1.910083,6.137028,3.883435
0.142838,1.866189,6.071863,3.940038
0.143606,1.823144,6.006521,3.996438
0.144374,1.780935,5.941031,4.052615
0.145142,1.739551,5.875419,4.108546
0.14591,1.698982,5.809713,4.164208
0.146678,1.659216,5.743937,4.219579
0.147446,1.620242,5.678119,4.274639
0.148214,1.582049,5.612281,4.329365
0.148982,1.544626,5.546449,4.383736
0.14975,1.507961,5.480646,4.437731
0.150518,1.472043,5.414895,4.491328
0.151285,1.436862,5.349218,4.544508
0.152053,1.402405,5.283638,4.597249
0.152821,1.368662,5.218175,4.649531
0.153589,1.335622,5.15285,4.701334
0.154357,1.303274,5.087683,4.752638
0.155125,1.271606,5.022694,4.803424
0.155893,1.240608,4.957902,4.853673
0.156661,1.210269,4.893324,4.903366
0.157429,1.180578,4.82898,4.952484
0.158197,1.151524,4.764885,5.001008
0.158965,1.123096,4.701057,5.048922
0.159733,1.095285,4.637512,5.096208
0.160501,1.068079,4.574266,5.142847
0.161269,1.041468,4.511333,5.188824
0.162037,1.015441,4.448728,5.234122
0.162805,0.989989,4.386465,5.278725
0.163573,0.965101,4.324557,5.322617
0.164341,0.940767,4.263018,5.365783
0.165109,0.916977,4.20186,5.408209
0.165876,0.893722,4.141095,5.449878
0.166644,0.87099,4.080734,5.490779
0.167412,0.848774,4.020788,5.530896
0.16818,0.827063,3.961268,5.570217
0.168948,0.805847,3.902185,5.608728
0.169716,0.785117,3.843546,5.646419
0.170484,0.764865,3.785362,5.683276
0.171252,0.745081,3.727642,5.719288
0.17202,0.725755,3.670392,5.754444
0.172788,0.706879,3.613622,5.788735
0.173556,0.688445,3.557339,5.822148
0.174324,0.670443,3.501549,5.854676
0.175092,0.652865,3.446259,5.886309
0.17586,0.635702,3.391476,5.917037
0.176628,0.618947,3.337204,5.946854
0.177396,0.602591,3.28345,5.975751
0.178164,0.586625,3.230218,6.00372
0.178932,0.571042,3.177513,6.030755
0.179699,0.555834,3.125339,6.05685
0.180467,0.540994,3.073701,6.081999
0.181235,0.526513,3.022601,6.106196
0.182003,0.512384,2.972043,6.129436
0.182771,0.4986,2.92203,6.151714
0.183539,0.485153,2.872564,6.173028
0.184307,0.472036,2.823648,6.193372
0.185075,0.459243,2.775284,6.212744
0.185843,0.446766,2.727473,6.231141
0.186611,0.434598,2.680217,6.248561
0.187379,0.422733,2.633516,6.265003
0.188147,0.411165,2.587373,6.280464
0.188915,0.399885,2.541786,6.294944
0.189683,0.38889,2.496757,6.308442
0.190451,0.378171,2.452286,6.320959
0.191219,0.367723,2.408372,6.332494
0.191987,0.35754,2.365016,6.343049
0.192755,0.347616,2.322215,6.352624
0.193523,0.337945,2.27997,6.361222
0.19429,0.328522,2.23828,6.368845
0.195058,0.31934,2.197143,6.375494
0.195826,0.310395,2.156557,6.381173
0.196594,0.30168,2.116521,6.385885
0.197362,0.293191,2.077034,6.389634
0.19813,0.284922,2.038093,6.392423
0.198898,0.276869,1.999695,6.394257
0.199666,0.269025,1.961839,6.395141
0.200434,0.261387,1.924522,6.39508
0.201202,0.25395,1.887742,6.394079
0.20197,0.246708,1.851494,6.392144
0.202738,0.239657,1.815778,6.389281
0.203506,0.232793,1.780588,6.385497
0.204274,0.226112,1.745923,6.380799
0.205042,0.219608,1.711778,6.375193
0.20581,0.213277,1.678151,6.368687
0.206578,0.207116,1.645037,6.361288
0.207346,0.20112,1.612433,6.353006
0.208114,0.195286,1.580335,6.343847
0.208881,0.189608,1.548739,6.333821
0.209649,0.184085,1.517641,6.322937
0.210417,0.17871,1.487038,6.311202
0.211185,0.173482,1.456924,6.298628
0.211953,0.168397,1.427296,6.285223
0.212721,0.16345,1.39815,6.270998
0.213489,0.158639,1.36948,6.255962
0.214257,0.15396,1.341282,6.240126
0.215025,0.149409,1.313553,6.223499
0.215793,0.144984,1.286287,6.206094
0.216561,0.140682,1.259479,6.187921
0.217329,0.136498,1.233126,6.16899
0.218097,0.132431,1.207222,6.149314
0.218865,0.128477,1.181762,6.128903
0.219633,0.124634,1.156742,6.107769
0.220401,0.120898,1.132157,6.085925
0.221169,0.117267,1.108002,6.063381
0.221937,0.113738,1.084272,6.04015
0.222705,0.110309,1.060962,6.016245
0.223472,0.106976,1.038068,5.991677
0.22424,0.103738,1.015584,5.966458
0.225008,0.100592,0.993505,5.940602
0.225776,0.097535,0.971826,5.914122
0.226544,0.094565,0.950543,5.887029
0.227312,0.091681,0.92965,5.859336
0.22808,0.088879,0.909143,5.831057
0.228848,0.086157,0.889016,5.802205
0.229616,0.083514,0.869264,5.772792
0.230384,0.080947,0.849883,5.742831
0.231152,0.078454,0.830868,5.712337
0.23192,0.076033,0.812212,5.681321
0.232688,0.073683,0.793912,5.649797
0.233456,0.071401,0.775963,5.617778
0.234224,0.069185,0.758359,5.585278
0.234992,0.067034,0.741096,5.55231
0.23576,0.064947,0.724169,5.518887
0.236528,0.06292,0.707572,5.485022
0.237295,0.060953,0.691302,5.450729
0.238063,0.059044,0.675353,5.416021
0.238831,0.057192,0.65972,5.38091
0.239599,0.055394,0.644399,5.345412
0.240367,0.05365,0.629384,5.309537
0.241135,0.051957,0.614672,5.273301
0.241903,0.050315,0.600257,5.236715
0.242671,0.048722,0.586135,5.199792
0.243439,0.047177,0.572301,5.162547
0.244207,0.045678,0.558751,5.124992
0.244975,0.044224,0.545479,5.087139
0.245743,0.042813,0.532482,5.049001
0.246511,0.041445,0.519755,5.010592
0.247279,0.040119,0.507294,4.971924
0.248047,0.038833,0.495093,4.933009
0.248815,0.037585,0.48315,4.89386
0.249583,0.036376,0.471458,4.85449
0.250351,0.035204,0.460015,4.81491
0.251119,0.034067,0.448816,4.775133
0.251886,0.032965,0.437857,4.735171
0.252654,0.031897,0.427133,4.695036
0.253422,0.030862,0.41664,4.654739
0.25419,0.029858,0.406375,4.614294
0.254958,0.028885,0.396333,4.57371
0.255726,0.027943,0.386511,4.533001
0.256494,0.02703,0.376904,4.492177
0.257262,0.026145,0.367508,4.451249
0.25803,0.025287,0.35832,4.410228
0.258798,0.024456,0.349336,4.369127
0.259566,0.023651,0.340552,4.327955
0.260334,0.022872,0.331964,4.286723
0.261102,0.022116,0.323569,4.245441
0.26187,0.021385,0.315364,4.204122
0.262638,0.020676,0.307343,4.162773
0.263406,0.01999,0.299505,4.121407
0.264174,0.019325,0.291846,4.080032
0.264942,0.018681,0.284361,4.038658
0.26571,0.018058,0.277048,3.997296
0.266477,0.017455,0.269904,3.955955
0.267245,0.01687,0.262925,3.914644
0.268013,0.016305,0.256107,3.873372
0.268781,0.015757,0.249449,3.832148
0.269549,0.015227,0.242946,3.790982
0.270317,0.014714,0.236595,3.749882
0.271085,0.014217,0.230394,3.708857
0.271853,0.013736,0.224339,3.667914
0.272621,0.013271,0.218427,3.627063
0.273389,0.012821,0.212656,3.586312
0.274157,0.012385,0.207023,3.545667
0.274925,0.011964,0.201524,3.505138
0.275693,0.011556,0.196157,3.464731
0.276461,0.011161,0.19092,3.424455
0.277229,0.010779,0.185809,3.384315
0.277997,0.01041,0.180822,3.34432
0.278765,0.010053,0.175957,3.304477
0.279533,0.009707,0.17121,3.264791
0.280301,0.009373,0.166579,3.22527
0.281068,0.00905,0.162062,3.18592
0.281836,0.008737,0.157657,3.146747
0.282604,0.008435,0.15336,3.107757
0.283372,0.008142,0.14917,3.068957
0.28414,0.00786,0.145084,3.030352
0.284908,0.007586,0.1411,2.991947
0.285676,0.007322,0.137216,2.953749
0.286444,0.007067,0.133429,2.915761
0.287212,0.00682,0.129738,2.87799
0.28798,0.006581,0.12614,2.84044
0.288748,0.006351,0.122633,2.803117
0.289516,0.006128,0.119215,2.766024
0.290284,0.005912,0.115884,2.729166
0.291052,0.005704,0.112638,2.692548
0.29182,0.005503,0.109476,2.656173
0.292588,0.005308,0.106395,2.620047
0.293356,0.00512,0.103394,2.584171
0.294124,0.004939,0.10047,2.548551
0.294891,0.004764,0.097622,2.513189
0.295659,0.004594,0.094848,2.47809
0.296427,0.004431,0.092146,2.443256
0.297195,0.004272,0.089515,2.40869
0.297963,0.00412,0.086954,2.374396
0.298731,0.003972,0.084459,2.340376
0.299499,0.00383,0.082031,2.306634
0.300267,0.003693,0.079667,2.27317
0.301035,0.00356,0.077365,2.239989
0.301803,0.003432,0.075125,2.207092
0.302571,0.003308,0.072945,2.174481
0.303339,0.003188,0.070822,2.142158
0.304107,0.003073,0.068757,2.110126
0.304875,0.002962,0.066748,2.078385
0.305643,0.002854,0.064793,2.046938
0.306411,0.00275,0.06289,2.015786
0.307179,0.00265,0.06104,1.984931
0.307947,0.002553,0.059239,1.954374
0.308715,0.00246,0.057488,1.924115
0.309482,0.00237,0.055785,1.894156
0.31025,0.002283,0.054128,1.864498
0.311018,0.0022,0.052517,1.835142
0.311786,0.002119,0.050951,1.806088
0.312554,0.002041,0.049427,1.777337
0.313322,0.001966,0.047946,1.748889
0.31409,0.001893,0.046506,1.720745
0.314858,0.001823,0.045107,1.692905
0.315626,0.001755,0.043746,1.665369
0.316394,0.00169,0.042424,1.638138
0.317162,0.001627,0.041138,1.61121
0.31793,0.001567,0.039889,1.584587
0.318698,0.001509,0.038675,1.558268
0.319466,0.001452,0.037495,1.532253
0.320234,0.001398,0.036349,1.506541
0.321002,0.001346,0.035236,1.481131
0.32177,0.001295,0.034154,1.456024
0.322538,0.001246,0.033103,1.431219
0.323306,0.0012,0.032083,1.406715
0.324073,0.001154,0.031091,1.38251
0.324841,0.001111,0.030128,1.358605
0.325609,0.001069,0.029193,1.334999
0.326377,0.001028,0.028286,1.31169
0.327145,0.000989,0.027404,1.288677
0.327913,0.000952,0.026548,1.265959
0.328681,0.000916,0.025717,1.243535
0.329449,0.000881,0.02491,1.221404
0.330217,0.000847,0.024127,1.199565
0.330985,0.000815,0.023367,1.178015
0.331753,0.000784,0.02263,1.156754
0.332521,0.000754,0.021914,1.13578
0.333289,0.000725,0.021219,1.115091
0.334057,0.000697,0.020545,1.094686
0.334825,0.00067,0.019891,1.074564
0.335593,0.000644,0.019256,1.054722
0.336361,0.000619,0.018641,1.035158
0.337129,0.000595,0.018043,1.015872
0.337896,0.000572,0.017464,0.996861
0.338664,0.00055,0.016902,0.978123
0.339432,0.000529,0.016358,0.959656
0.3402,0.000508,0.015829,0.941459
0.340968,0.000488,0.015317,0.923529
0.341736,0.000469,0.01482,0.905865
0.342504,0.000451,0.014338,0.888464
0.343272,0.000433,0.013871,0.871324
0.34404,0.000416,0.013418,0.854443
0.344808,0.0004,0.01298,0.837818
0.345576,0.000384,0.012554,0.821449
0.346344,0.000369,0.012142,0.805332
0.347112,0.000355,0.011742,0.789466
0.34788,0.000341,0.011355,0.773847
0.348648,0.000327,0.01098,0.758475
0.349416,0.000314,0.010616,0.743345
0.350184,0.000302,0.010264,0.728457
0.350952,0.00029,0.009923,0.713808
0.35172,0.000278,0.009593,0.699395
0.352487,0.000267,0.009272,0.685216
0.353255,0.000256,0.008962,0.671269
0.354023,0.000246,0.008662,0.657552
0.354791,0.000236,0.008371,0.644061
0.355559,0.000227,0.008089,0.630795
0.356327,0.000218,0.007817,0.617751
0.357095,0.000209,0.007553,0.604927
0.357863,0.000201,0.007297,0.592319
0.358631,0.000192,0.00705,0.579927
0.359399,0.000185,0.00681,0.567747
0.360167,0.000177,0.006578,0.555778
0.360935,0.00017,0.006354,0.544015
0.361703,0.000163,0.006136,0.532458
0.362471,0.000156,0.005926,0.521103
0.363239,0.00015,0.005723,0.509948
0.364007,0.000144,0.005526,0.498992
0.364775,0.000138,0.005336,0.48823
0.365543,0.000132,0.005151,0.477661
0.366311,0.000127,0.004973,0.467283
0.367078,0.000122,0.004801,0.457092
0.367846,0.000117,0.004634,0.447087
0.368614,0.000112,0.004473,0.437265
0.369382,0.000107,0.004317,0.427624
0.37015,0.000103,0.004166,0.418161
0.370918,9.9e-05,0.00402,0.408874
0.371686,9.5e-05,0.003879,0.399761
0.372454,9.1e-05,0.003743,0.390818
0.373222,8.7e-05,0.003611,0.382044
0.37399,8.3e-05,0.003484,0.373437
0.374758,8e-05,0.003361,0.364994
0.375526,7.7e-05,0.003242,0.356712
0.376294,7.3e-05,0.003127,0.34859
0.377062,7e-05,0.003015,0.340625
0.37783,6.7e-05,0.002908,0.332814
0.378598,6.4e-05,0.002804,0.325156
0.379366,6.2e-05,0.002704,0.317649
0.380134,5.9e-05,0.002607,0.310289
0.380902,5.7e-05,0.002514,0.303075
0.381669,5.4e-05,0.002423,0.296005
0.382437,5.2e-05,0.002336,0.289075
0.383205,5e-05,0.002251,0.282285
0.383973,4.8e-05,0.00217,0.275632
0.384741,4.6e-05,0.002091,0.269114
0.385509,4.4e-05,0.002015,0.262729
0.386277,4.2e-05,0.001942,0.256473
0.387045,4e-05,0.001871,0.250347
0.387813,3.8e-05,0.001803,0.244347
0.388581,3.7e-05,0.001737,0.238471
0.389349,3.5e-05,0.001673,0.232717
0.390117,3.4e-05,0.001612,0.227084
0.390885,3.2e-05,0.001553,0.221569
0.391653,3.1e-05,0.001495,0.21617
0.392421,2.9e-05,0.00144,0.210886
0.393189,2.8e-05,0.001387,0.205713
0.393957,2.7e-05,0.001335,0.200652
0.394725,2.6e-05,0.001286,0.195699
0.395492,2.5e-05,0.001238,0.190852
0.39626,2.4e-05,0.001192,0.18611
0.397028,2.3e-05,0.001147,0.181472
0.397796,2.2e-05,0.001104,0.176934
0.398564,2.1e-05,0.001063,0.172496
0.399332,2e-05,0.001023,0.168155
0.4001,1.9e-05,0.000984,0.16391
0.400868,1.8e-05,0.000947,0.159759
0.401636,1.7e-05,0.000912,0.155701
0.402404,1.7e-05,0.000877,0.151733
0.403172,1.6e-05,0.000844,0.147854
0.40394,1.5e-05,0.000812,0.144063
0.404708,1.4e-05,0.000781,0.140357
0.405476,1.4e-05,0.000751,0.136736
0.406244,1.3e-05,0.000722,0.133196
0.407012,1.3e-05,0.000695,0.129738
0.40778,1.2e-05,0.000668,0.126359
0.408548,1.1e-05,0.000642,0.123059
0.409316,1.1e-05,0.000618,0.119834
0.410083,1e-05,0.000594,0.116684
0.410851,1e-05,0.000571,0.113608
0.411619,1e-05,0.000549,0.110604
0.412387,9e-06,0.000527,0.10767
0.413155,9e-06,0.000507,0.104806
0.413923,8e-06,0.000487,0.102009
0.414691,8e-06,0.000468,0.099279
0.415459,8e-06,0.00045,0.096614
0.416227,7e-06,0.000432,0.094013
0.416995,7e-06,0.000415,0.091474
0.417763,7e-06,0.000399,0.088996
0.418531,6e-06,0.000383,0.086578
0.419299,6e-06,0.000368,0.084219
0.420067,6e-06,0.000354,0.081918
0.420835,5e-06,0.00034,0.079673
0.421603,5e-06,0.000326,0.077483
0.422371,5e-06,0.000313,0.075347
0.423139,5e-06,0.000301,0.073263
0.423907,5e-06,0.000289,0.071232
0.424674,4e-06,0.000277,0.06925
0.425442,4e-06,0.000266,0.067319
0.42621,4e-06,0.000255,0.065436
0.426978,4e-06,0.000245,0.0636
0.427746,4e-06,0.000235,0.061811
0.428514,3e-06,0.000226,0.060067
0.429282,3e-06,0.000217,0.058367
0.43005,3e-06,0.000208,0.05671
0.430818,3e-06,0.000199,0.055096
0.431586,3e-06,0.000191,0.053524
0.432354,3e-06,0.000184,0.051992
0.433122,3e-06,0.000176,0.0505
0.43389,2e-06,0.000169,0.049046
0.434658,2e-06,0.000162,0.04763
0.435426,2e-06,0.000155,0.046251
0.436194,2e-06,0.000149,0.044909
0.436962,2e-06,0.000143,0.043601
0.43773,2e-06,0.000137,0.042328
0.438497,2e-06,0.000131,0.041089
0.439265,2e-06,0.000126,0.039883
0.440033,2e-06,0.000121,0.038709
0.440801,2e-06,0.000116,0.037566
0.441569,2e-06,0.000111,0.036454
0.442337,1e-06,0.000106,0.035372
0.443105,1e-06,0.000102,0.034319
0.443873,1e-06,9.7e-05,0.033294
0.444641,1e-06,9.3e-05,0.032298
0.445409,1e-06,8.9e-05,0.031328
0.446177,1e-06,8.6e-05,0.030385
0.446945,1e-06,8.2e-05,0.029468
0.447713,1e-06,7.9e-05,0.028577
0.448481,1e-06,7.5e-05,0.027709
0.449249,1e-06,7.2e-05,0.026866
0.450017,1e-06,6.9e-05,0.026047
0.450785,1e-06,6.6e-05,0.02525
0.451553,1e-06,6.3e-05,0.024475
0.452321,1e-06,6.1e-05,0.023722
0.453088,1e-06,5.8e-05,0.02299
0.453856,1e-06,5.6e-05,0.022279
0.454624,1e-06,5.3e-05,0.021588
0.455392,1e-06,5.1e-05,0.020917
0.45616,1e-06,4.9e-05,0.020265
0.456928,1e-06,4.7e-05,0.019631
0.457696,1e-06,4.5e-05,0.019016
0.458464,1e-06,4.3e-05,0.018418
0.459232,0.0,4.1e-05,0.017838
0.46,0.0,3.9e-05,0.017274
