model,population_size,sample_size,nominal_defect_rate,acceptable_defectives,first_unacceptable_defectives,accept_confidence,reject_confidence,accept_alpha,reject_alpha,accept_cutoff,reject_cutoff,accept_tail_at_cutoff,accept_tail_after_cutoff,reject_tail_at_cutoff,reject_tail_before_cutoff,inconclusive_low,inconclusive_high,accept_constraint_ok,reject_constraint_ok,accept_boundary_maximal_ok,reject_boundary_minimal_ok,disjoint_regions_ok,has_accept_region,has_reject_region,has_both_regions
binomial,,1,0.1,,,0.9,0.95,0.09999999999999998,0.050000000000000044,,,,,,,0,1,True,True,True,True,True,False,False,False
binomial,,2,0.1,,,0.9,0.95,0.09999999999999998,0.050000000000000044,,2,,,0.010000000000000005,0.19,0,1,True,True,True,True,True,False,True,False
binomial,,3,0.1,,,0.9,0.95,0.09999999999999998,0.050000000000000044,,2,,,0.02800000000000003,0.27100000000000024,0,1,True,True,True,True,True,False,True,False
binomial,,4,0.1,,,0.9,0.95,0.09999999999999998,0.050000000000000044,,3,,,0.0036999999999999984,0.05230000000000004,0,2,True,True,True,True,True,False,True,False
binomial,,5,0.1,,,0.9,0.95,0.09999999999999998,0.050000000000000044,,3,,,0.008560000000000003,0.08146000000000002,0,2,True,True,True,True,True,False,True,False
binomial,,6,0.1,,,0.9,0.95,0.09999999999999998,0.050000000000000044,,3,,,0.015850000000000013,0.11426500000000027,0,2,True,True,True,True,True,False,True,False
binomial,,7,0.1,,,0.9,0.95,0.09999999999999998,0.050000000000000044,,3,,,0.025691500000000034,0.14969440000000003,0,2,True,True,True,True,True,False,True,False
binomial,,8,0.1,,,0.9,0.95,0.09999999999999998,0.050000000000000044,,3,,,0.038091789999999986,0.18689526999999984,0,2,True,True,True,True,True,False,True,False
binomial,,9,0.1,,,0.9,0.95,0.09999999999999998,0.050000000000000044,,4,,,0.008331093999999994,0.052972137999999905,0,3,True,True,True,True,True,False,True,False
binomial,,10,0.1,,,0.9,0.95,0.09999999999999998,0.050000000000000044,,4,,,0.01279519839999998,0.0701908263999999,0,3,True,True,True,True,True,False,True,False
binomial,,11,0.1,,,0.9,0.95,0.09999999999999998,0.050000000000000044,,4,,,0.018534761199999986,0.08956185085,0,3,True,True,True,True,True,False,True,False
binomial,,12,0.1,,,0.9,0.95,0.09999999999999998,0.050000000000000044,,4,,,0.02563747016500002,0.11086997774500018,0,3,True,True,True,True,True,False,True,False
binomial,,13,0.1,,,0.9,0.95,0.09999999999999998,0.050000000000000044,,4,,,0.03416072092300004,0.13388275479160006,0,3,True,True,True,True,True,False,True,False
binomial,,14,0.1,,,0.9,0.95,0.09999999999999998,0.050000000000000044,,4,,,0.04413292430986003,0.15835998128661988,0,3,True,True,True,True,True,False,True,False
binomial,,15,0.1,,,0.9,0.95,0.09999999999999998,0.050000000000000044,,5,,,0.012720483641251026,0.05555563000753601,0,4,True,True,True,True,True,False,True,False
binomial,,16,0.1,,,0.9,0.95,0.09999999999999998,0.050000000000000044,,5,,,0.017003998277879507,0.06840617391742158,0,4,True,True,True,True,True,False,True,False
binomial,,17,0.1,,,0.9,0.95,0.09999999999999998,0.050000000000000044,,5,,,0.02214421584183376,0.08264062255606415,0,4,True,True,True,True,True,False,True,False
binomial,,18,0.1,,,0.9,0.95,0.09999999999999998,0.050000000000000044,,5,,,0.028193856513256822,0.09819684142543766,0,4,True,True,True,True,True,False,True,False
binomial,,19,0.1,,,0.9,0.95,0.09999999999999998,0.050000000000000044,,5,,,0.035194155004474835,0.11499755780436127,0,4,True,True,True,True,True,False,True,False
binomial,,20,0.1,,,0.9,0.95,0.09999999999999998,0.050000000000000044,,5,,,0.04317449528446352,0.13295332343433572,0,4,True,True,True,True,True,False,True,False
binomial,,21,0.1,,,0.9,0.95,0.09999999999999998,0.050000000000000044,,6,,,0.01444527027650448,0.05215237809945072,0,5,True,True,True,True,True,False,True,False
binomial,,22,0.1,,,0.9,0.95,0.09999999999999998,0.050000000000000044,0,6,0.09847709021836139,0.3391988663076885,0.018215981058799083,0.062133671346701023,1,5,True,True,True,True,True,True,True,True
binomial,,23,0.1,,,0.9,0.95,0.09999999999999998,0.050000000000000044,0,6,0.08862938119652461,0.3151266886987558,0.022607750087589244,0.07311309391867661,1,5,True,True,True,True,True,True,True,True
binomial,,24,0.1,,,0.9,0.95,0.09999999999999998,0.050000000000000044,0,6,0.07976644307687249,0.2924769579485316,0.027658284470698014,0.08507488587867093,1,5,True,True,True,True,True,True,True,True
binomial,,25,0.1,,,0.9,0.95,0.09999999999999998,0.050000000000000044,0,6,0.07178979876918536,0.2712059064613666,0.033399944611495286,0.09799362119546484,1,5,True,True,True,True,True,True,True,True
binomial,,26,0.1,,,0.9,0.95,0.09999999999999998,0.050000000000000044,0,6,0.06461081889226628,0.25126429569214825,0.039859312269892255,0.11183512332060123,1,5,True,True,True,True,True,True,True,True
binomial,,27,0.1,,,0.9,0.95,0.09999999999999998,0.050000000000000044,0,6,0.058149737003039687,0.2325989480121588,0.04705689337496319,0.1265574483082466,1,5,True,True,True,True,True,True,True,True
binomial,,28,0.1,,,0.9,0.95,0.09999999999999998,0.050000000000000044,0,7,0.05233476330273663,0.21515402691124808,0.017906689899426082,0.05500694886829173,1,6,True,True,True,True,True,True,True,True
binomial,,29,0.1,,,0.9,0.95,0.09999999999999998,0.050000000000000044,0,7,0.04710128697246294,0.19887210055039922,0.0216167157963127,0.06371744445228573,1,6,True,True,True,True,True,True,True,True
binomial,,30,0.1,,,0.9,0.95,0.09999999999999998,0.050000000000000044,0,7,0.04239115827521589,0.18369501919260456,0.02582678866190987,0.07319010839987966,1,6,True,True,True,True,True,True,True,True
binomial,,31,0.1,,,0.9,0.95,0.09999999999999998,0.050000000000000044,0,7,0.03815204244769472,0.16956463310086392,0.030563120635706896,0.08342058546328124,1,6,True,True,True,True,True,True,True,True
binomial,,32,0.1,,,0.9,0.95,0.09999999999999998,0.050000000000000044,0,7,0.03433683820292539,0.15642337403554846,0.035848867118464495,0.09439867431208479,1,6,True,True,True,True,True,True,True,True
binomial,,33,0.1,,,0.9,0.95,0.09999999999999998,0.050000000000000044,0,7,0.030903154382632643,0.14421472045228645,0.04170384783782628,0.10610863575080857,1,6,True,True,True,True,True,True,True,True
binomial,,34,0.1,,,0.9,0.95,0.09999999999999998,0.050000000000000044,0,7,0.027812838944369242,0.13288356384532024,0.048144326629124455,0.1185295591340276,1,6,True,True,True,True,True,True,True,True
binomial,,35,0.1,,,0.9,0.95,0.09999999999999998,0.050000000000000044,0,8,0.025031555049932378,0.12237649135522476,0.019990233627163376,0.055182849879615234,1,7,True,True,True,True,True,True,True,True
binomial,,36,0.1,,,0.9,0.95,0.09999999999999998,0.050000000000000044,0,8,0.022528399544939178,0.11264199772469582,0.02350949525240874,0.0628281423758377,1,7,True,True,True,True,True,True,True,True
binomial,,37,0.1,,,0.9,0.95,0.09999999999999998,0.050000000000000044,0,8,0.020275559590445247,0.10363063790672028,0.02744135996475172,0.07108505827175718,1,7,True,True,True,True,True,True,True,True
binomial,,38,0.1,,,0.9,0.95,0.09999999999999998,0.050000000000000044,1,8,0.09529513007509278,0.25366977887601516,0.031805729795452264,0.07995458405672982,2,7,True,True,True,True,True,True,True,True
binomial,,39,0.1,,,0.9,0.95,0.09999999999999998,0.050000000000000044,1,8,0.08759041743072384,0.23783231399592308,0.03662061522157988,0.08943388973941899,2,7,True,True,True,True,True,True,True,True
binomial,,40,0.1,,,0.9,0.95,0.09999999999999998,0.050000000000000044,1,8,0.08047369601447751,0.22280812433940353,0.041901942673364216,0.09951642396555192,2,7,True,True,True,True,True,True,True,True
binomial,,41,0.1,,,0.9,0.95,0.09999999999999998,0.050000000000000044,1,8,0.07390441470717427,0.20857468150691136,0.04766339080258253,0.11019204844028005,2,7,True,True,True,True,True,True,True,True
binomial,,42,0.1,,,0.9,0.95,0.09999999999999998,0.050000000000000044,1,9,0.06784425270118533,0.19510765482693918,0.021088711306561092,0.05391625656635202,2,8,True,True,True,True,True,True,True,True
binomial,,43,0.1,,,0.9,0.95,0.09999999999999998,0.050000000000000044,1,9,0.06225707894932233,0.18238131461436197,0.024371465832539987,0.06066935159122361,2,8,True,True,True,True,True,True,True,True
binomial,,44,0.1,,,0.9,0.95,0.09999999999999998,0.050000000000000044,1,9,0.05710889742082035,0.1703688910478566,0.02800125440840828,0.06792892874296028,2,8,True,True,True,True,True,True,True,True
binomial,,45,0.1,,,0.9,0.95,0.09999999999999998,0.050000000000000044,1,9,0.052367781408525944,0.15904289168515257,0.031994021841863604,0.0756986383431969,2,8,True,True,True,True,True,True,True,True
binomial,,46,0.1,,,0.9,0.95,0.09999999999999998,0.050000000000000044,1,9,0.048003799624482084,0.14837538065748984,0.036364483491996905,0.08397951304871279,2,8,True,True,True,True,True,True,True,True
binomial,,47,0.1,,,0.9,0.95,0.09999999999999998,0.050000000000000044,1,9,0.04398893638316158,0.1383382225541891,0.0411259864476686,0.09276998004379869,2,8,True,True,True,True,True,True,True,True
binomial,,48,0.1,,,0.9,0.95,0.09999999999999998,0.050000000000000044,1,9,0.04029700779386139,0.1289032939370865,0.04629038580728165,0.10206589889110332,2,8,True,True,True,True,True,True,True,True
binomial,,49,0.1,,,0.9,0.95,0.09999999999999998,0.050000000000000044,1,10,0.03690357555858861,0.12004266532276575,0.021501268881139086,0.05186793711566434,2,9,True,True,True,True,True,True,True,True
binomial,,50,0.1,,,0.9,0.95,0.09999999999999998,0.050000000000000044,1,10,0.033785859692431405,0.11172875634634707,0.024537935704591965,0.05786720571809502,2,9,True,True,True,True,True,True,True,True
binomial,,51,0.1,,,0.9,0.95,0.09999999999999998,0.050000000000000044,1,10,0.030922651243920338,0.10393446668095424,0.02787086270594229,0.06429499350641314,2,9,True,True,True,True,True,True,True,True
binomial,,52,0.1,,,0.9,0.95,0.09999999999999998,0.050000000000000044,2,10,0.09663328513725146,0.2231870985614438,0.031513275785989045,0.07115628326185008,3,9,True,True,True,True,True,True,True,True
binomial,,53,0.1,,,0.9,0.95,0.09999999999999998,0.050000000000000044,2,10,0.08979937921234746,0.21053171721902603,0.03547757653357498,0.07845420054717892,3,9,True,True,True,True,True,True,True,True
binomial,,54,0.1,,,0.9,0.95,0.09999999999999998,0.050000000000000044,2,10,0.0834076672002262,0.19845848341836153,0.03977523893493558,0.08618999286962788,3,9,True,True,True,True,True,True,True,True
binomial,,55,0.1,,,0.9,0.95,0.09999999999999998,0.050000000000000044,2,10,0.0774338748196709,0.18695340179654385,0.04441671432840451,0.09436302562769244,3,9,True,True,True,True,True,True,True,True
binomial,,56,0.1,,,0.9,0.95,0.09999999999999998,0.050000000000000044,2,10,0.07185457816235925,0.176001449098859,0.049411345458333394,0.1029707941707625,3,9,True,True,True,True,True,True,True,True
binomial,,57,0.1,,,0.9,0.95,0.09999999999999998,0.050000000000000044,2,11,0.0666472346155319,0.16558676200520994,0.024238404563491477,0.054767290329576404,3,10,True,True,True,True,True,True,True,True
binomial,,58,0.1,,,0.9,0.95,0.09999999999999998,0.050000000000000044,2,11,0.0617902032709472,0.15569280926623766,0.02729129314010062,0.06049145641071778,3,10,True,True,True,True,True,True,True,True
binomial,,59,0.1,,,0.9,0.95,0.09999999999999998,0.050000000000000044,2,11,0.05726275619617459,0.14630254866670772,0.030611309467162427,0.0665894455828714,3,10,True,True,True,True,True,True,True,True
binomial,,60,0.1,,,0.9,0.95,0.09999999999999998,0.050000000000000044,2,11,0.05304508181599295,0.1373985694196555,0.03420912307873311,0.0730655100836986,3,10,True,True,True,True,True,True,True,True
binomial,,61,0.1,,,0.9,0.95,0.09999999999999998,0.050000000000000044,2,11,0.049118281530994165,0.128963220659292,0.03809476177922888,0.07992251955516477,3,10,True,True,True,True,True,True,True,True
binomial,,62,0.1,,,0.9,0.95,0.09999999999999998,0.050000000000000044,2,11,0.045464360587833735,0.12097872674646074,0.0422775375568241,0.08716193917022991,3,10,True,True,True,True,True,True,True,True
binomial,,63,0.1,,,0.9,0.95,0.09999999999999998,0.050000000000000044,2,11,0.04206621411069707,0.11342729013059644,0.04676597771816342,0.09478381868948724,3,10,True,True,True,True,True,True,True,True
binomial,,64,0.1,,,0.9,0.95,0.09999999999999998,0.050000000000000044,2,12,0.03890760910653766,0.10629118252860924,0.023630108886526297,0.05156776181529663,3,11,True,True,True,True,True,True,True,True
binomial,,65,0.1,,,0.9,0.95,0.09999999999999998,0.050000000000000044,3,12,0.09955282518640242,0.20905113199726852,0.026423874179403378,0.056689664852238114,4,11,True,True,True,True,True,True,True,True
binomial,,66,0.1,,,0.9,0.95,0.09999999999999998,0.050000000000000044,3,12,0.09319485898447988,0.1981013013161816,0.029450453246687394,0.062137507173348476,4,11,True,True,True,True,True,True,True,True
binomial,,67,0.1,,,0.9,0.95,0.09999999999999998,0.050000000000000044,3,12,0.0872002051369525,0.18761065708300934,0.03271915863935312,0.06791611134966805,4,11,True,True,True,True,True,True,True,True
binomial,,68,0.1,,,0.9,0.95,0.09999999999999998,0.050000000000000044,3,12,0.08155211721498831,0.17756961188840145,0.036238853910384165,0.07402926629409046,4,11,True,True,True,True,True,True,True,True
binomial,,69,0.1,,,0.9,0.95,0.09999999999999998,0.050000000000000044,3,12,0.07623422520230769,0.16796786242106276,0.04001789514875445,0.08047969875268882,4,11,True,True,True,True,True,True,True,True
binomial,,70,0.1,,,0.9,0.95,0.09999999999999998,0.050000000000000044,3,12,0.07123057226310366,0.15879449869918855,0.04406407550914859,0.08726905223877314,4,11,True,True,True,True,True,True,True,True
binomial,,71,0.1,,,0.9,0.95,0.09999999999999998,0.050000000000000044,3,12,0.06652564487250558,0.15003810605558088,0.04838457318211131,0.09439787339916057,4,11,True,True,True,True,True,True,True,True
binomial,,72,0.1,,,0.9,0.95,0.09999999999999998,0.050000000000000044,3,13,0.06210439692752081,0.1416868599372698,0.02537792307358573,0.0529859032038152,4,12,True,True,True,True,True,True,True,True
binomial,,73,0.1,,,0.9,0.95,0.09999999999999998,0.050000000000000044,3,13,0.057952268422665015,0.13372861363629746,0.028138721086608066,0.057873873456380995,4,12,True,True,True,True,True,True,True,True
binomial,,74,0.1,,,0.9,0.95,0.09999999999999998,0.050000000000000044,3,13,0.05405519924024857,0.1261509791149351,0.031112236323585552,0.06305354515950322,4,12,True,True,True,True,True,True,True,True
binomial,,75,0.1,,,0.9,0.95,0.09999999999999998,0.050000000000000044,3,13,0.050399638570545524,0.1189414011274643,0.03430636720717757,0.06852919810280339,4,12,True,True,True,True,True,True,True,True
binomial,,76,0.1,,,0.9,0.95,0.09999999999999998,0.050000000000000044,3,13,0.04697255044269842,0.11208722487177115,0.03772865029674019,0.07430430081643885,4,12,True,True,True,True,True,True,True,True
binomial,,77,0.1,,,0.9,0.95,0.09999999999999998,0.050000000000000044,3,13,0.04376141581332087,0.10557575742886216,0.04138621534870938,0.0803814858258658,4,12,True,True,True,True,True,True,True,True
binomial,,78,0.1,,,0.9,0.95,0.09999999999999998,0.050000000000000044,4,13,0.09939432326731101,0.19582469618755713,0.045285742396425244,0.08676253008576482,5,12,True,True,True,True,True,True,True,True
binomial,,79,0.1,,,0.9,0.95,0.09999999999999998,0.050000000000000044,4,13,0.09353031410324228,0.18618165889553376,0.049433421165358565,0.0934483406386738,5,12,True,True,True,True,True,True,True,True
binomial,,80,0.1,,,0.9,0.95,0.09999999999999998,0.050000000000000044,4,14,0.08797123341570343,0.17691652441630917,0.02674880882142098,0.05383491311269173,5,13,True,True,True,True,True,True,True,True
binomial,,81,0.1,,,0.9,0.95,0.09999999999999998,0.050000000000000044,4,14,0.08270473592224659,0.16802199531624526,0.0294574192505487,0.05849531635104155,5,13,True,True,True,True,True,True,True,True
binomial,,82,0.1,,,0.9,0.95,0.09999999999999998,0.050000000000000044,4,14,0.07771866232129825,0.15949026937684407,0.0323612089605972,0.0634191336854727,5,13,True,True,True,True,True,True,True,True
binomial,,83,0.1,,,0.9,0.95,0.09999999999999998,0.050000000000000044,4,14,0.073001069606558,0.15131310867129139,0.03546700143308537,0.06861024396091797,5,13,True,True,True,True,True,True,True,True
binomial,,84,0.1,,,0.9,0.95,0.09999999999999998,0.050000000000000044,4,14,0.06854025725476962,0.14348190476482153,0.03878132568586917,0.07407187688451836,5,13,True,True,True,True,True,True,True,True
binomial,,85,0.1,,,0.9,0.95,0.09999999999999998,0.050000000000000044,4,14,0.06432478958232922,0.13598774001381594,0.04231038080573367,0.07980659145429803,5,13,True,True,True,True,True,True,True,True
binomial,,86,0.1,,,0.9,0.95,0.09999999999999998,0.050000000000000044,4,14,0.06034351455835769,0.12882144497066775,0.04606000187058998,0.08581625809249033,5,13,True,True,True,True,True,True,True,True
binomial,,87,0.1,,,0.9,0.95,0.09999999999999998,0.050000000000000044,4,15,0.056585579352801604,0.12197365192943614,0.025329953983454633,0.05003562749277882,5,14,True,True,True,True,True,True,True,True
binomial,,88,0.1,,,0.9,0.95,0.09999999999999998,0.050000000000000044,4,15,0.05304044288780328,0.11543484467176937,0.027800521334386527,0.054242269198420734,5,14,True,True,True,True,True,True,True,True
binomial,,89,0.1,,,0.9,0.95,0.09999999999999998,0.050000000000000044,4,15,0.04969788564937779,0.10919540449337112,0.03044469612078964,0.05868448283957943,5,14,True,True,True,True,True,True,True,True
binomial,,90,0.1,,,0.9,0.95,0.09999999999999998,0.050000000000000044,4,15,0.046548017004694985,0.10324565260897507,0.033268674792669574,0.06336634221664182,5,14,True,True,True,True,True,True,True,True
binomial,,91,0.1,,,0.9,0.95,0.09999999999999998,0.050000000000000044,5,15,0.09757588904854557,0.18356730304837032,0.03627844153506661,0.06829141506783695,6,14,True,True,True,True,True,True,True,True
binomial,,92,0.1,,,0.9,0.95,0.09999999999999998,0.050000000000000044,5,15,0.09217642816948887,0.1749681616483857,0.03947973888834349,0.07346274156159138,6,14,True,True,True,True,True,True,True,True
binomial,,93,0.1,,,0.9,0.95,0.09999999999999998,0.050000000000000044,5,15,0.08703763091907103,0.16668898830049833,0.0428780391556679,0.07888281540568032,6,14,True,True,True,True,True,True,True,True
binomial,,94,0.1,,,0.9,0.95,0.09999999999999998,0.050000000000000044,5,15,0.08214993398884815,0.15872385256234978,0.04647851678066957,0.08455356766505767,6,14,True,True,True,True,True,True,True,True
binomial,,95,0.1,,,0.9,0.95,0.09999999999999998,0.050000000000000044,5,16,0.07750387600798181,0.15106646070500127,0.026171822975662874,0.050286021869108966,6,15,True,True,True,True,True,True,True,True
binomial,,96,0.1,,,0.9,0.95,0.09999999999999998,0.050000000000000044,5,16,0.07309012092616107,0.14371020223529737,0.028583242865007977,0.05430505501801766,6,15,True,True,True,True,True,True,True,True
binomial,,97,0.1,,,0.9,0.95,0.09999999999999998,0.050000000000000044,5,16,0.06889947873859001,0.13664819410438406,0.03115542408030931,0.058539743604185235,6,15,True,True,True,True,True,True,True,True
binomial,,98,0.1,,,0.9,0.95,0.09999999999999998,0.050000000000000044,5,16,0.06492292370624914,0.12987332256781076,0.033893856032697595,0.06299381967132084,6,15,True,True,True,True,True,True,True,True
binomial,,99,0.1,,,0.9,0.95,0.09999999999999998,0.050000000000000044,5,16,0.06115161022396497,0.12337828268165399,0.03680385239655949,0.06767059954181232,6,15,True,True,True,True,True,True,True,True
binomial,,100,0.1,,,0.9,0.95,0.09999999999999998,0.050000000000000044,5,16,0.057576886487035905,0.11715561543588508,0.03989052711108384,0.07257296526488316,6,15,True,True,True,True,True,True,True,True
binomial,,101,0.1,,,0.9,0.95,0.09999999999999998,0.050000000000000044,5,16,0.05419030610467766,0.11119774254100226,0.04315877092646414,0.07770334799832683,6,15,True,True,True,True,True,True,True,True
binomial,,102,0.1,,,0.9,0.95,0.09999999999999998,0.050000000000000044,5,16,0.050983637805134534,0.10549699889736674,0.04661322863364997,0.083063713406032,6,15,True,True,True,True,True,True,True,True
binomial,,103,0.1,,,0.9,0.95,0.09999999999999998,0.050000000000000044,5,17,0.047948873373195575,0.10004566278814254,0.02679327753866824,0.050258277110888906,6,16,True,True,True,True,True,True,True,True
binomial,,104,0.1,,,0.9,0.95,0.09999999999999998,0.050000000000000044,6,17,0.09483598384664835,0.17223692812028135,0.029139777495891042,0.054098004313614584,7,16,True,True,True,True,True,True,True,True
binomial,,105,0.1,,,0.9,0.95,0.09999999999999998,0.050000000000000044,6,17,0.08986020885763094,0.1644968336929183,0.0316356001776626,0.05813618932681977,7,16,True,True,True,True,True,True,True,True
binomial,,106,0.1,,,0.9,0.95,0.09999999999999998,0.050000000000000044,6,17,0.08511060545902153,0.15703317120939575,0.03428565909257836,0.06237628359068359,7,16,True,True,True,True,True,True,True,True
binomial,,107,0.1,,,0.9,0.95,0.09999999999999998,0.050000000000000044,6,17,0.08057948381674737,0.14984091463435908,0.037094721542388326,0.06682139340137043,7,16,True,True,True,True,True,True,True,True
binomial,,108,0.1,,,0.9,0.95,0.09999999999999998,0.050000000000000044,6,17,0.07625921634990632,0.14291477155259696,0.040067388728285226,0.07147426377929994,7,16,True,True,True,True,True,True,True,True
binomial,,109,0.1,,,0.9,0.95,0.09999999999999998,0.050000000000000044,6,17,0.07214225558738752,0.13624921603232454,0.04320807623338778,0.07633726378719971,7,16,True,True,True,True,True,True,True,True
binomial,,110,0.1,,,0.9,0.95,0.09999999999999998,0.050000000000000044,6,17,0.06822115023978154,0.12983851998783338,0.046520994988769104,0.08141237336991006,7,16,True,True,True,True,True,True,True,True
binomial,,111,0.1,,,0.9,0.95,0.09999999999999998,0.050000000000000044,6,18,0.06448855957235293,0.12367678301302158,0.02722811517802019,0.05001013282688286,7,17,True,True,True,True,True,True,True,True
binomial,,112,0.1,,,0.9,0.95,0.09999999999999998,0.050000000000000044,6,18,0.060937266165912156,0.11775796066895895,0.029506316942906022,0.05367923672191181,7,17,True,True,True,True,True,True,True,True
binomial,,113,0.1,,,0.9,0.95,0.09999999999999998,0.050000000000000044,6,18,0.05756018715299764,0.11207589121865158,0.03192360892080762,0.057531795811690364,7,17,True,True,True,True,True,True,True,True
binomial,,114,0.1,,,0.9,0.95,0.09999999999999998,0.050000000000000044,6,18,0.05435038401642048,0.10662432081209197,0.034484427609895466,0.06157102529035467,7,17,True,True,True,True,True,True,True,True
binomial,,115,0.1,,,0.9,0.95,0.09999999999999998,0.050000000000000044,6,18,0.05130107103667451,0.10139692713252375,0.03719308737794104,0.06579985125475198,7,17,True,True,True,True,True,True,True,True
binomial,,116,0.1,,,0.9,0.95,0.09999999999999998,0.050000000000000044,7,18,0.09638734152294079,0.1690263328619217,0.040053763765621586,0.07022089658116881,8,17,True,True,True,True,True,True,True,True
binomial,,117,0.1,,,0.9,0.95,0.09999999999999998,0.050000000000000044,7,18,0.09158916961797614,0.16176243372802368,0.04307047704717668,0.07483646790194862,8,17,True,True,True,True,True,True,True,True
binomial,,118,0.1,,,0.9,0.95,0.09999999999999998,0.050000000000000044,7,18,0.0869960105125894,0.15474510731701613,0.046247076132654365,0.07964854374430516,8,17,True,True,True,True,True,True,True,True
binomial,,119,0.1,,,0.9,0.95,0.09999999999999998,0.050000000000000044,7,18,0.08260147450365471,0.14797019763657254,0.04958722289381931,0.08465876388605245,8,17,True,True,True,True,True,True,True,True
binomial,,120,0.1,,,0.9,0.95,0.09999999999999998,0.050000000000000044,7,19,0.07839919944510891,0.14143332532327707,0.029713349664887267,0.05309437699304271,8,18,True,True,True,True,True,True,True,True
binomial,,121,0.1,,,0.9,0.95,0.09999999999999998,0.050000000000000044,7,19,0.07438286576083833,0.13512991273546374,0.03205145239770267,0.05677178129125823,8,18,True,True,True,True,True,True,True,True
binomial,,122,0.1,,,0.9,0.95,0.09999999999999998,0.050000000000000044,7,19,0.07054621016244349,0.12905520803800166,0.03452348528705872,0.06062244790736816,8,18,True,True,True,True,True,True,True,True
binomial,,123,0.1,,,0.9,0.95,0.09999999999999998,0.050000000000000044,7,19,0.06688303812153909,0.12320430825044958,0.03713338154908878,0.06464914499735883,8,18,True,True,True,True,True,True,True,True
binomial,,124,0.1,,,0.9,0.95,0.09999999999999998,0.050000000000000044,7,19,0.06338723514802039,0.11757218123755898,0.03988495789391572,0.06885438431681022,8,18,True,True,True,True,True,True,True,True
binomial,,125,0.1,,,0.9,0.95,0.09999999999999998,0.050000000000000044,7,19,0.06005277692712467,0.11215368662860334,0.042781900536204565,0.07324040962569897,8,18,True,True,True,True,True,True,True,True
binomial,,126,0.1,,,0.9,0.95,0.09999999999999998,0.050000000000000044,7,19,0.05687373836906842,0.10694359565845785,0.045827751445154746,0.07780918598912213,8,18,True,True,True,True,True,True,True,True
binomial,,127,0.1,,,0.9,0.95,0.09999999999999998,0.050000000000000044,7,19,0.05384430162550956,0.10193660992951514,0.049025894899551156,0.08256239002226401,8,18,True,True,True,True,True,True,True,True
binomial,,128,0.1,,,0.9,0.95,0.09999999999999998,0.050000000000000044,8,20,0.09712737909911909,0.16552532868703815,0.0297865371712595,0.052379544411823076,9,19,True,True,True,True,True,True,True,True
binomial,,129,0.1,,,0.9,0.95,0.09999999999999998,0.050000000000000044,8,20,0.09251051750192918,0.15868553372824884,0.03204583789531655,0.05589173008285648,9,19,True,True,True,True,True,True,True,True
binomial,,130,0.1,,,0.9,0.95,0.09999999999999998,0.050000000000000044,8,20,0.08808061972149146,0.15206803210561198,0.03443042711407071,0.05956528644688232,9,19,True,True,True,True,True,True,True,True
binomial,,131,0.1,,,0.9,0.95,0.09999999999999998,0.050000000000000044,8,20,0.08383227512877424,0.14566929086720282,0.03694391304735146,0.06340284086287246,9,19,True,True,True,True,True,True,True,True
binomial,,132,0.1,,,0.9,0.95,0.09999999999999998,0.050000000000000044,8,20,0.07976008140941127,0.13948558929335583,0.039589805828902876,0.06740680250575219,9,19,True,True,True,True,True,True,True,True
binomial,,133,0.1,,,0.9,0.95,0.09999999999999998,0.050000000000000044,8,20,0.07585865710409033,0.13351303850495821,0.042371505496587775,0.07157935200727851,9,19,True,True,True,True,True,True,True,True
binomial,,134,0.1,,,0.9,0.95,0.09999999999999998,0.050000000000000044,8,20,0.07212265318931482,0.12774760036487412,0.04529229014765627,0.0759224317927826,9,19,True,True,True,True,True,True,True,True
binomial,,135,0.1,,,0.9,0.95,0.09999999999999998,0.050000000000000044,8,20,0.06854676372802884,0.12218510564731952,0.04835530431216978,0.08043773715598786,9,19,True,True,True,True,True,True,True,True
binomial,,136,0.1,,,0.9,0.95,0.09999999999999998,0.050000000000000044,8,21,0.06512573562136449,0.11682127145538948,0.029747493262755633,0.051563547596552066,9,20,True,True,True,True,True,True,True,True
binomial,,137,0.1,,,0.9,0.95,0.09999999999999998,0.050000000000000044,8,21,0.061854377494367195,0.11165171787198608,0.031929098696135805,0.05491986364790559,9,20,True,True,True,True,True,True,True,True
binomial,,138,0.1,,,0.9,0.95,0.09999999999999998,0.050000000000000044,8,21,0.05872756774972451,0.10667198383422333,0.03422817519131296,0.05842692948800749,9,20,True,True,True,True,True,True,True,True
binomial,,139,0.1,,,0.9,0.95,0.09999999999999998,0.050000000000000044,8,21,0.05574026182446051,0.10187754222577167,0.036648050620983405,0.06208724526397686,9,20,True,True,True,True,True,True,True,True
binomial,,140,0.1,,,0.9,0.95,0.09999999999999998,0.050000000000000044,9,21,0.09726381418564127,0.1618560067474778,0.03919197008528189,0.06590312446042833,10,20,True,True,True,True,True,True,True,True
binomial,,141,0.1,,,0.9,0.95,0.09999999999999998,0.050000000000000044,9,21,0.09282618263559102,0.15539678749129598,0.041863085522796994,0.0698766846154065,10,20,True,True,True,True,True,True,True,True
binomial,,142,0.1,,,0.9,0.95,0.09999999999999998,0.050000000000000044,9,21,0.0885600050317977,0.1491397270057255,0.04466444543205822,0.07400983857989218,10,20,True,True,True,True,True,True,True,True
binomial,,143,0.1,,,0.9,0.95,0.09999999999999998,0.050000000000000044,9,21,0.08446062534935567,0.1430817548083394,0.047598984746842474,0.07830428635762438,10,20,True,True,True,True,True,True,True,True
binomial,,144,0.1,,,0.9,0.95,0.09999999999999998,0.050000000000000044,9,22,0.08052338531106618,0.13721964186244706,0.02961445094624269,0.05066951490792091,10,21,True,True,True,True,True,True,True,True
binomial,,145,0.1,,,0.9,0.95,0.09999999999999998,0.050000000000000044,9,22,0.07674363487430731,0.13155001620730986,0.031719957342410704,0.05387871417304614,10,21,True,True,True,True,True,True,True,True
binomial,,146,0.1,,,0.9,0.95,0.09999999999999998,0.050000000000000044,9,22,0.07311674199197624,0.126069378074009,0.0339358330254734,0.05722911820583812,10,21,True,True,True,True,True,True,True,True
binomial,,147,0.1,,,0.9,0.95,0.09999999999999998,0.050000000000000044,9,22,0.06963810166541763,0.12077411446580513,0.03626516154350978,0.06072311098289319,10,21,True,True,True,True,True,True,True,True
binomial,,148,0.1,,,0.9,0.95,0.09999999999999998,0.050000000000000044,9,22,0.0663031443088683,0.11566051318576356,0.038710956487448364,0.06436291605694336,10,21,True,True,True,True,True,True,True,True
binomial,,149,0.1,,,0.9,0.95,0.09999999999999998,0.050000000000000044,9,22,0.06310734344633685,0.11072477629807048,0.04127615244439807,0.06815058821212631,10,21,True,True,True,True,True,True,True,True
binomial,,150,0.1,,,0.9,0.95,0.09999999999999998,0.050000000000000044,9,22,0.060046222763008875,0.1059630330128985,0.04396359602117086,0.07208800554553776,10,21,True,True,True,True,True,True,True,True
binomial,,151,0.1,,,0.9,0.95,0.09999999999999998,0.050000000000000044,9,22,0.057115362534293716,0.10137135198790673,0.04677603697360773,0.07617686200715539,10,21,True,True,True,True,True,True,True,True
binomial,,152,0.1,,,0.9,0.95,0.09999999999999998,0.050000000000000044,10,22,0.09694575304254695,0.15809948392389803,0.04971611947696156,0.08041866042802592,11,21,True,True,True,True,True,True,True,True
binomial,,153,0.1,,,0.9,0.95,0.09999999999999998,0.050000000000000044,10,23,0.09268221828391908,0.15198411083576488,0.03143415191064408,0.05278637357206806,11,22,True,True,True,True,True,True,True,True
binomial,,154,0.1,,,0.9,0.95,0.09999999999999998,0.050000000000000044,10,23,0.08857670264571257,0.1460539215805825,0.03356937407678639,0.05598920682127975,11,22,True,True,True,True,True,True,True,True
binomial,,155,0.1,,,0.9,0.95,0.09999999999999998,0.050000000000000044,10,23,0.08462514384393831,0.14030619968709349,0.03581135735123466,0.05932689620730196,11,22,True,True,True,True,True,True,True,True
binomial,,156,0.1,,,0.9,0.95,0.09999999999999998,0.050000000000000044,10,23,0.08082347175533568,0.13473809410277546,0.03816291123684128,0.06280158030693214,11,22,True,True,True,True,True,True,True,True
binomial,,157,0.1,,,0.9,0.95,0.09999999999999998,0.050000000000000044,10,23,0.07716761722629985,0.12934663186803022,0.04062677814385174,0.06641525177054737,11,22,True,True,True,True,True,True,True,True
binomial,,158,0.1,,,0.9,0.95,0.09999999999999998,0.050000000000000044,10,23,0.0736535203218555,0.12412873040386097,0.04320562550652253,0.07016975013678795,11,22,True,True,True,True,True,True,True,True
binomial,,159,0.1,,,0.9,0.95,0.09999999999999998,0.050000000000000044,10,23,0.07027713802582972,0.11908120939565917,0.04590203796954977,0.07406675501036064,11,22,True,True,True,True,True,True,True,True
binomial,,160,0.1,,,0.9,0.95,0.09999999999999998,0.050000000000000044,10,23,0.06703445140461103,0.11420080225867646,0.04871850967363174,0.0781077796292604,11,22,True,True,True,True,True,True,True,True
binomial,,161,0.1,,,0.9,0.95,0.09999999999999998,0.050000000000000044,10,24,0.06392147224824449,0.10948416717326767,0.0310849477002551,0.05165743666919511,11,23,True,True,True,True,True,True,True,True
binomial,,162,0.1,,,0.9,0.95,0.09999999999999998,0.050000000000000044,10,24,0.06093424920349021,0.10492789768076756,0.0331421965971494,0.05472110948687002,11,23,True,True,True,True,True,True,True,True
binomial,,163,0.1,,,0.9,0.95,0.09999999999999998,0.050000000000000044,10,24,0.058068873414510225,0.10052853283303867,0.035300087886120435,0.05791170589270819,11,23,True,True,True,True,True,True,True,True
binomial,,164,0.1,,,0.9,0.95,0.09999999999999998,0.050000000000000044,11,24,0.09628256689118661,0.15431076809651206,0.037561249686779645,0.061231283855375865,12,23,True,True,True,True,True,True,True,True
binomial,,165,0.1,,,0.9,0.95,0.09999999999999998,0.050000000000000044,11,24,0.09218645857080862,0.14850794797598094,0.03992825310363836,0.06468177475178322,12,23,True,True,True,True,True,True,True,True
binomial,,166,0.1,,,0.9,0.95,0.09999999999999998,0.050000000000000044,11,24,0.08823663983330741,0.1428757990354615,0.04240360526845234,0.06826497683651599,12,23,True,True,True,True,True,True,True,True
binomial,,167,0.1,,,0.9,0.95,0.09999999999999998,0.050000000000000044,11,24,0.08442952422438273,0.13741188311525152,0.04498974242525944,0.0719825489994258,12,23,True,True,True,True,True,True,True,True
binomial,,168,0.1,,,0.9,0.95,0.09999999999999998,0.050000000000000044,11,24,0.08076151476270839,0.13211364722616473,0.04768902308267649,0.07583600483449598,12,23,True,True,True,True,True,True,True,True
binomial,,169,0.1,,,0.9,0.95,0.09999999999999998,0.050000000000000044,11,25,0.07722901138305986,0.1269784339798206,0.030683554940952082,0.05050372125785813,12,24,True,True,True,True,True,True,True,True
binomial,,170,0.1,,,0.9,0.95,0.09999999999999998,0.050000000000000044,11,25,0.07382841793973344,0.12200349172014852,0.03266557157264246,0.05343601983624773,12,24,True,True,True,True,True,True,True,True
binomial,,171,0.1,,,0.9,0.95,0.09999999999999998,0.050000000000000044,11,25,0.0705561487772901,0.11718598434210256,0.03474261639900177,0.05648800407090078,12,24,True,True,True,True,True,True,True,True
binomial,,172,0.1,,,0.9,0.95,0.09999999999999998,0.050000000000000044,11,25,0.06740863487666476,0.11252300078562064,0.03691715516619205,0.059661655244636916,12,24,True,True,True,True,True,True,True,True
binomial,,173,0.1,,,0.9,0.95,0.09999999999999998,0.050000000000000044,11,25,0.06438232958587643,0.10801156419472424,0.039191605174036276,0.06295884451775438,12,24,True,True,True,True,True,True,True,True
binomial,,174,0.1,,,0.9,0.95,0.09999999999999998,0.050000000000000044,11,25,0.06147371394528717,0.10364864073383787,0.041568329108408436,0.06638132698324778,12,24,True,True,True,True,True,True,True,True
binomial,,175,0.1,,,0.9,0.95,0.09999999999999998,0.050000000000000044,12,25,0.09943114805498357,0.15620508796264995,0.04404962889589119,0.06993073595077509,13,24,True,True,True,True,True,True,True,True
binomial,,176,0.1,,,0.9,0.95,0.09999999999999998,0.050000000000000044,12,25,0.09535596341130642,0.1505276939718847,0.046637739601379874,0.07360857747962604,13,24,True,True,True,True,True,True,True,True
binomial,,177,0.1,,,0.9,0.95,0.09999999999999998,0.050000000000000044,12,25,0.09141993141399801,0.14501052091582955,0.04933482338920395,0.07741622518008538,13,24,True,True,True,True,True,True,True,True
binomial,,178,0.1,,,0.9,0.95,0.09999999999999998,0.050000000000000044,12,26,0.08761987143114036,0.1396514619656481,0.032149005493184654,0.05214296356829268,13,25,True,True,True,True,True,True,True,True
binomial,,179,0.1,,,0.9,0.95,0.09999999999999998,0.050000000000000044,12,26,0.08395258462840946,0.1344483029121968,0.0341484013006958,0.05506415874160166,13,25,True,True,True,True,True,True,True,True
binomial,,180,0.1,,,0.9,0.95,0.09999999999999998,0.050000000000000044,12,26,0.08041486065283754,0.1293987310838209,0.03623997704478503,0.058100317079798625,13,25,True,True,True,True,True,True,True,True
binomial,,181,0.1,,,0.9,0.95,0.09999999999999998,0.050000000000000044,12,26,0.07700348396210627,0.124500344040721,0.038426011048286815,0.061253250738694684,13,25,True,True,True,True,True,True,True,True
binomial,,182,0.1,,,0.9,0.95,0.09999999999999998,0.050000000000000044,12,26,0.07371523980281666,0.1197506580328566,0.040708735017327524,0.06452467043954835,13,25,True,True,True,True,True,True,True,True
binomial,,183,0.1,,,0.9,0.95,0.09999999999999998,0.050000000000000044,12,26,0.07054691984227941,0.11514711620985107,0.043090328559548974,0.0679161802306906,13,25,True,True,True,True,True,True,True,True
binomial,,184,0.1,,,0.9,0.95,0.09999999999999998,0.050000000000000044,12,26,0.06749532745923507,0.11068709657309478,0.04557291372666501,0.07142927244830442,13,25,True,True,True,True,True,True,True,True
binomial,,185,0.1,,,0.9,0.95,0.09999999999999998,0.050000000000000044,12,26,0.06455728269974574,0.10636791966170886,0.048158549598828725,0.07506532289353465,13,25,True,True,True,True,True,True,True,True
binomial,,186,0.1,,,0.9,0.95,0.09999999999999998,0.050000000000000044,12,27,0.061729626905208154,0.10218685596551241,0.03160053526362526,0.050849226928299074,13,26,True,True,True,True,True,True,True,True
binomial,,187,0.1,,,0.9,0.95,0.09999999999999998,0.050000000000000044,13,27,0.09814113305948163,0.15218043187574312,0.0335254044300925,0.05364686285968656,14,26,True,True,True,True,True,True,True,True
binomial,,188,0.1,,,0.9,0.95,0.09999999999999998,0.050000000000000044,13,27,0.09422794245554392,0.14677650199411624,0.03553755027305194,0.056553295743960286,14,26,True,True,True,True,True,True,True,True
binomial,,189,0.1,,,0.9,0.95,0.09999999999999998,0.050000000000000044,13,27,0.09044444616876826,0.141521646040257,0.0376391248201422,0.0595702800630961,14,26,True,True,True,True,True,True,True,True
binomial,,190,0.1,,,0.9,0.95,0.09999999999999998,0.050000000000000044,13,27,0.086787782996145,0.1364139260531097,0.03983224034443713,0.06269948148190813,14,26,True,True,True,True,True,True,True,True
binomial,,191,0.1,,,0.9,0.95,0.09999999999999998,0.050000000000000044,13,27,0.083255074507346,0.13145131174740687,0.042118964458184395,0.06594247204322348,14,26,True,True,True,True,True,True,True,True
binomial,,192,0.1,,,0.9,0.95,0.09999999999999998,0.050000000000000044,13,27,0.07984343074765576,0.12663168802340263,0.04450131521668913,0.06930072552207792,14,26,True,True,True,True,True,True,True,True
binomial,,193,0.1,,,0.9,0.95,0.09999999999999998,0.050000000000000044,13,27,0.07654995565450376,0.12195286229582754,0.04698125624722779,0.07277561295409256,14,26,True,True,True,True,True,True,True,True
binomial,,194,0.1,,,0.9,0.95,0.09999999999999998,0.050000000000000044,13,27,0.07337175218960923,0.1174125716316966,0.049560691917915525,0.07636839835255048,14,26,True,True,True,True,True,True,True,True
binomial,,195,0.1,,,0.9,0.95,0.09999999999999998,0.050000000000000044,13,28,0.0703059271897743,0.11300848968748588,0.032880341247478004,0.0522414625613802,14,27,True,True,True,True,True,True,True,True
binomial,,196,0.1,,,0.9,0.95,0.09999999999999998,0.050000000000000044,13,28,0.06734959593993403,0.10873823343771599,0.03481645337886913,0.055025339768053905,14,27,True,True,True,True,True,True,True,True
binomial,,197,0.1,,,0.9,0.95,0.09999999999999998,0.050000000000000044,13,28,0.0644998864728771,0.1045993696879398,0.03683734201778779,0.057914021763683696,14,27,True,True,True,True,True,True,True,True
binomial,,198,0.1,,,0.9,0.95,0.09999999999999998,0.050000000000000044,13,28,0.06175394360053971,0.10058942136643817,0.038945009992376926,0.06090912888546904,14,27,True,True,True,True,True,True,True,True
binomial,,199,0.1,,,0.9,0.95,0.09999999999999998,0.050000000000000044,14,28,0.0967058735898466,0.1482276074259392,0.041141421881686166,0.06401219917094682,15,27,True,True,True,True,True,True,True,True
binomial,,200,0.1,,,0.9,0.95,0.09999999999999998,0.050000000000000044,14,28,0.09294617949910584,0.14307543404232753,0.04342849961061236,0.06722468407342706,15,27,True,True,True,True,True,True,True,True
hypergeometric,1000,1,0.1,100,101,0.9,0.95,0.09999999999999998,0.050000000000000044,,,,,,,0,1,True,True,True,True,True,False,False,False
hypergeometric,1000,2,0.1,100,101,0.9,0.95,0.09999999999999998,0.050000000000000044,,2,,,0.0099099099099106,0.19009009009000383,0,1,True,True,True,True,True,False,True,False
hypergeometric,1000,3,0.1,100,101,0.9,0.95,0.09999999999999998,0.050000000000000044,,2,,,0.02778349491773602,0.2712433876761289,0,1,True,True,True,True,True,False,True,False
hypergeometric,1000,4,0.1,100,101,0.9,0.95,0.09999999999999998,0.050000000000000044,,3,,,0.0036084403710300718,0.051958549464481196,0,2,True,True,True,True,True,False,True,False
hypergeometric,1000,5,0.1,100,101,0.9,0.95,0.09999999999999998,0.050000000000000044,,3,,,0.008365780422389852,0.0810203954925257,0,2,True,True,True,True,True,False,True,False
hypergeometric,1000,6,0.1,100,101,0.9,0.95,0.09999999999999998,0.050000000000000044,,3,,,0.015521712358951313,0.11376973705927387,0,2,True,True,True,True,True,False,True,False
hypergeometric,1000,7,0.1,100,101,0.9,0.95,0.09999999999999998,0.050000000000000044,,3,,,0.025208137329415826,0.1491943769514818,0,2,True,True,True,True,True,False,True,False
hypergeometric,1000,8,0.1,100,101,0.9,0.95,0.09999999999999998,0.050000000000000044,,3,,,0.03744444295177811,0.1864443549513834,0,2,True,True,True,True,True,False,True,False
hypergeometric,1000,9,0.1,100,101,0.9,0.95,0.09999999999999998,0.050000000000000044,,4,,,0.008004944209901754,0.052164192322693655,0,3,True,True,True,True,True,False,True,False
hypergeometric,1000,10,0.1,100,101,0.9,0.95,0.09999999999999998,0.050000000000000044,,4,,,0.012327292410644931,0.0692371494277918,0,3,True,True,True,True,True,False,True,False
hypergeometric,1000,11,0.1,100,101,0.9,0.95,0.09999999999999998,0.050000000000000044,,4,,,0.01790330870422527,0.0884873396990686,0,3,True,True,True,True,True,False,True,False
hypergeometric,1000,12,0.1,100,101,0.9,0.95,0.09999999999999998,0.050000000000000044,,4,,,0.024826110530805162,0.10970774942178992,0,3,True,True,True,True,True,False,True,False
hypergeometric,1000,13,0.1,100,101,0.9,0.95,0.09999999999999998,0.050000000000000044,,4,,,0.033159631757954416,0.1326721847209191,0,3,True,True,True,True,True,False,True,False
hypergeometric,1000,14,0.1,100,101,0.9,0.95,0.09999999999999998,0.050000000000000044,,4,,,0.04293948752027019,0.1571447385030658,0,3,True,True,True,True,True,False,True,False
hypergeometric,1000,15,0.1,100,101,0.9,0.95,0.09999999999999998,0.050000000000000044,,5,,,0.012042681536886063,0.05417468969611209,0,4,True,True,True,True,True,False,True,False
hypergeometric,1000,16,0.1,100,101,0.9,0.95,0.09999999999999998,0.050000000000000044,,5,,,0.016148948321966762,0.0668499368208538,0,4,True,True,True,True,True,False,True,False
hypergeometric,1000,17,0.1,100,101,0.9,0.95,0.09999999999999998,0.050000000000000044,,5,,,0.021095386224300527,0.08092826008134511,0,4,True,True,True,True,True,False,True,False
hypergeometric,1000,18,0.1,100,101,0.9,0.95,0.09999999999999998,0.050000000000000044,,5,,,0.02693867807605567,0.09635385494000363,0,4,True,True,True,True,True,False,True,False
hypergeometric,1000,19,0.1,100,101,0.9,0.95,0.09999999999999998,0.050000000000000044,,5,,,0.033724683146255395,0.11305496741826795,0,4,True,True,True,True,True,False,True,False
hypergeometric,1000,20,0.1,100,101,0.9,0.95,0.09999999999999998,0.050000000000000044,,5,,,0.041487891393032245,0.13094673642442928,0,4,True,True,True,True,True,False,True,False
hypergeometric,1000,21,0.1,100,101,0.9,0.95,0.09999999999999998,0.050000000000000044,,6,,,0.013445282011722714,0.05025120682463633,0,5,True,True,True,True,True,False,True,False
hypergeometric,1000,22,0.1,100,101,0.9,0.95,0.09999999999999998,0.050000000000000044,0,6,0.09359846991723553,0.3304729575664416,0.017016847749430568,0.06002601831740309,1,5,True,True,True,True,True,True,True,True
hypergeometric,1000,23,0.1,100,101,0.9,0.95,0.09999999999999998,0.050000000000000044,0,6,0.08393237026313265,0.3062526623058391,0.021194630166584818,0.07081251502596059,1,5,True,True,True,True,True,True,True,True
hypergeometric,1000,24,0.1,100,101,0.9,0.95,0.09999999999999998,0.050000000000000044,0,6,0.0752556359780647,0.28349725882132115,0.0260192965551614,0.08260020409727872,1,5,True,True,True,True,True,True,True,True
hypergeometric,1000,25,0.1,100,101,0.9,0.95,0.09999999999999998,0.050000000000000044,0,6,0.06746791135326285,0.2621610269727646,0.03152665948191986,0.09536859025117389,1,5,True,True,True,True,True,True,True,True
hypergeometric,1000,26,0.1,100,101,0.9,0.95,0.09999999999999998,0.050000000000000044,0,6,0.0604789277156805,0.24219250229381,0.03774715530047757,0.10908797952509705,1,5,True,True,True,True,True,True,True,True
hypergeometric,1000,27,0.1,100,101,0.9,0.95,0.09999999999999998,0.050000000000000044,0,6,0.054207498866273574,0.22353607779919213,0.04470544924433647,0.12372037277066553,1,5,True,True,True,True,True,True,True,True
hypergeometric,1000,28,0.1,100,101,0.9,0.95,0.09999999999999998,0.050000000000000044,0,7,0.04858061563352039,0.2061333461513244,0.016418160760244205,0.05242016428542691,1,6,True,True,True,True,True,True,True,True
hypergeometric,1000,29,0.1,100,101,0.9,0.95,0.09999999999999998,0.050000000000000044,0,7,0.04353262985266806,0.18992421749730004,0.019899835998269007,0.06090372818642629,1,6,True,True,True,True,True,True,True,True
hypergeometric,1000,30,0.1,100,101,0.9,0.95,0.09999999999999998,0.050000000000000044,0,7,0.03900451902351009,0.17484784389846633,0.02386931680742242,0.07016233103118087,1,6,True,True,True,True,True,True,True,True
hypergeometric,1000,31,0.1,100,101,0.9,0.95,0.09999999999999998,0.050000000000000044,0,7,0.0349432237437758,0.16084337741656018,0.028355443959003676,0.08019598392849682,1,6,True,True,True,True,True,True,True,True
hypergeometric,1000,32,0.1,100,101,0.9,0.95,0.09999999999999998,0.050000000000000044,0,7,0.03130105078387498,0.14785058549993907,0.03338435082910402,0.0909986684898946,1,6,True,True,True,True,True,True,True,True
hypergeometric,1000,33,0.1,100,101,0.9,0.95,0.09999999999999998,0.050000000000000044,0,7,0.028035135361172806,0.13581034431017694,0.038979129610209655,0.10255856601868807,1,6,True,True,True,True,True,True,True,True
hypergeometric,1000,34,0.1,100,101,0.9,0.95,0.09999999999999998,0.050000000000000044,0,7,0.02510695679706928,0.12466502797623485,0.04515955052270791,0.11485835505350445,1,6,True,True,True,True,True,True,True,True
hypergeometric,1000,35,0.1,100,101,0.9,0.95,0.09999999999999998,0.050000000000000044,0,8,0.022481902307933066,0.1143588094276364,0.018030409214648397,0.05194183584970896,1,7,True,True,True,True,True,True,True,True
hypergeometric,1000,36,0.1,100,101,0.9,0.95,0.09999999999999998,0.050000000000000044,0,8,0.02012887419071826,0.10483788641003997,0.02129855706652142,0.05933848934909401,1,7,True,True,True,True,True,True,True,True
hypergeometric,1000,37,0.1,100,101,0.9,0.95,0.09999999999999998,0.050000000000000044,1,8,0.09605064447853945,0.2586146202106479,0.024968384558512476,0.06735818046689551,2,7,True,True,True,True,True,True,True,True
hypergeometric,1000,38,0.1,100,101,0.9,0.95,0.09999999999999998,0.050000000000000044,1,8,0.08794776718348875,0.24190243578953047,0.02906210316648947,0.07600568179283525,2,7,True,True,True,True,True,True,True,True
hypergeometric,1000,39,0.1,100,101,0.9,0.95,0.09999999999999998,0.050000000000000044,1,8,0.08048230227326542,0.22605886802239664,0.03360030775304684,0.08528185736410657,2,7,True,True,True,True,True,True,True,True
hypergeometric,1000,40,0.1,100,101,0.9,0.95,0.09999999999999998,0.050000000000000044,1,8,0.07360969152381067,0.21106190651442894,0.03860174803801575,0.0951836987363226,2,7,True,True,True,True,True,True,True,True
hypergeometric,1000,41,0.1,100,101,0.9,0.95,0.09999999999999998,0.050000000000000044,1,8,0.06728777073814948,0.19688714684365813,0.04408312451191844,0.10570440519428675,2,7,True,True,True,True,True,True,True,True
hypergeometric,1000,42,0.1,100,101,0.9,0.95,0.09999999999999998,0.050000000000000044,1,9,0.06147674553217147,0.18350827485772458,0.018686032551840266,0.05005891085546031,2,8,True,True,True,True,True,True,True,True
hypergeometric,1000,43,0.1,100,101,0.9,0.95,0.09999999999999998,0.050000000000000044,1,9,0.05613914770686783,0.17089750095037748,0.02169887681481479,0.05654120435047687,2,8,True,True,True,True,True,True,True,True
hypergeometric,1000,44,0.1,100,101,0.9,0.95,0.09999999999999998,0.050000000000000044,1,9,0.051239776304059466,0.1590259471665259,0.025048400465059864,0.06353960521389199,2,8,True,True,True,True,True,True,True,True
hypergeometric,1000,45,0.1,100,101,0.9,0.95,0.09999999999999998,0.050000000000000044,1,9,0.046745626823198785,0.1478639901421303,0.028752574980633536,0.07106112526429648,2,8,True,True,True,True,True,True,True,True
hypergeometric,1000,46,0.1,100,101,0.9,0.95,0.09999999999999998,0.050000000000000044,1,9,0.04262581154473514,0.13738156294986992,0.032828372494859995,0.07911012584729346,2,8,True,True,True,True,True,True,True,True
hypergeometric,1000,47,0.1,100,101,0.9,0.95,0.09999999999999998,0.050000000000000044,1,9,0.038851473438448726,0.12754841893617844,0.03729160237788732,0.08768828450770216,2,8,True,True,True,True,True,True,True,True
hypergeometric,1000,48,0.1,100,101,0.9,0.95,0.09999999999999998,0.050000000000000044,1,9,0.03539569573623785,0.11833436058961565,0.042156759519493096,0.09679458950534817,2,8,True,True,True,True,True,True,True,True
hypergeometric,1000,49,0.1,100,101,0.9,0.95,0.09999999999999998,0.050000000000000044,1,9,0.03223340889909317,0.10970943640845143,0.04743688594669804,0.10642536093145753,2,8,True,True,True,True,True,True,True,True
hypergeometric,1000,50,0.1,100,101,0.9,0.95,0.09999999999999998,0.050000000000000044,1,10,0.029341296410572173,0.10164410862349205,0.021440329381401838,0.0531434471439748,2,9,True,True,True,True,True,True,True,True
hypergeometric,1000,51,0.1,100,101,0.9,0.95,0.09999999999999998,0.050000000000000044,2,10,0.09410939450866837,0.22219953446060584,0.024477154346034244,0.05928622417208896,3,9,True,True,True,True,True,True,True,True
hypergeometric,1000,52,0.1,100,101,0.9,0.95,0.09999999999999998,0.050000000000000044,2,10,0.08707698386597582,0.20897210167317218,0.02781501035674613,0.06587322241250608,3,9,True,True,True,True,True,True,True,True
hypergeometric,1000,53,0.1,100,101,0.9,0.95,0.09999999999999998,0.050000000000000044,2,10,0.08051933512325385,0.19637112957925795,0.031468277547752076,0.07291059749847734,3,9,True,True,True,True,True,True,True,True
hypergeometric,1000,54,0.1,100,101,0.9,0.95,0.09999999999999998,0.050000000000000044,2,10,0.07440975232350842,0.1843822427190978,0.03545059129169589,0.08040259873983038,3,9,True,True,True,True,True,True,True,True
hypergeometric,1000,55,0.1,100,101,0.9,0.95,0.09999999999999998,0.050000000000000044,2,10,0.06872244512787122,0.17298974371405113,0.03977472731471541,0.0883515301056374,3,9,True,True,True,True,True,True,True,True
hypergeometric,1000,56,0.1,100,101,0.9,0.95,0.09999999999999998,0.050000000000000044,2,10,0.0634325737949121,0.1621768386754079,0.04445249350940464,0.09675772860277358,3,9,True,True,True,True,True,True,True,True
hypergeometric,1000,57,0.1,100,101,0.9,0.95,0.09999999999999998,0.050000000000000044,2,10,0.05851628094602535,0.15192584507539314,0.049494629519456684,0.10561955968088091,3,9,True,True,True,True,True,True,True,True
hypergeometric,1000,58,0.1,100,101,0.9,0.95,0.09999999999999998,0.050000000000000044,2,11,0.05395071177475545,0.14221838241938367,0.023497419026866632,0.05491071503874106,3,10,True,True,True,True,True,True,True,True
hypergeometric,1000,59,0.1,100,101,0.9,0.95,0.09999999999999998,0.050000000000000044,2,11,0.04971402421653584,0.13303554619522467,0.02649868934647169,0.060709087628991576,3,10,True,True,True,True,True,True,True,True
hypergeometric,1000,60,0.1,100,101,0.9,0.95,0.09999999999999998,0.050000000000000044,2,11,0.04578539045466301,0.12435806569163357,0.02977067217901622,0.06689677071895016,3,10,True,True,True,True,True,True,True,True
hypergeometric,1000,61,0.1,100,101,0.9,0.95,0.09999999999999998,0.050000000000000044,2,11,0.04214499101138938,0.11616644635837145,0.033325298634951914,0.07347941230405655,3,10,True,True,True,True,True,True,True,True
hypergeometric,1000,62,0.1,100,101,0.9,0.95,0.09999999999999998,0.050000000000000044,2,11,0.0387740025483448,0.10844109745105886,0.03717393572784181,0.0804612347226154,3,10,True,True,True,True,True,True,True,True
hypergeometric,1000,63,0.1,100,101,0.9,0.95,0.09999999999999998,0.050000000000000044,2,11,0.03565458038853016,0.10116244574478502,0.04132730130305847,0.08784499574523483,3,10,True,True,True,True,True,True,True,True
hypergeometric,1000,64,0.1,100,101,0.9,0.95,0.09999999999999998,0.050000000000000044,3,11,0.0943110361344332,0.20393358990028843,0.04579538294641074,0.09563196107833191,4,10,True,True,True,True,True,True,True,True
hypergeometric,1000,65,0.1,100,101,0.9,0.95,0.09999999999999998,0.050000000000000044,3,12,0.08786761995049228,0.19257313293952913,0.022271124037974047,0.05058736161293068,4,11,True,True,True,True,True,True,True,True
hypergeometric,1000,66,0.1,100,101,0.9,0.95,0.09999999999999998,0.050000000000000044,3,12,0.08181323182659687,0.1817106358700668,0.024966466438150377,0.055711540647834706,4,11,True,True,True,True,True,True,True,True
hypergeometric,1000,67,0.1,100,101,0.9,0.95,0.09999999999999998,0.050000000000000044,3,12,0.07612925594648745,0.17133585193827697,0.027896136250399568,0.061175280797338624,4,11,True,True,True,True,True,True,True,True
hypergeometric,1000,68,0.1,100,101,0.9,0.95,0.09999999999999998,0.050000000000000044,3,12,0.07079748248393283,0.16143763134749586,0.03107067415466773,0.06698494172840157,4,11,True,True,True,True,True,True,True,True
hypergeometric,1000,69,0.1,100,101,0.9,0.95,0.09999999999999998,0.050000000000000044,3,12,0.06580015502930277,0.1520040536224515,0.034500255500238636,0.07314583049581891,4,11,True,True,True,True,True,True,True,True
hypergeometric,1000,70,0.1,100,101,0.9,0.95,0.09999999999999998,0.050000000000000044,3,12,0.06112000976830377,0.14302255183570312,0.03819462303472819,0.07966215731059398,4,11,True,True,True,True,True,True,True,True
hypergeometric,1000,71,0.1,100,101,0.9,0.95,0.09999999999999998,0.050000000000000044,3,12,0.056740307149625246,0.13448002863080888,0.04216302147617959,0.08653699888023947,4,11,True,True,True,True,True,True,True,True
hypergeometric,1000,72,0.1,100,101,0.9,0.95,0.09999999999999998,0.050000000000000044,3,12,0.05264485674298736,0.12636296406276815,0.04641413448905608,0.09377226950815662,4,11,True,True,True,True,True,True,True,True
hypergeometric,1000,73,0.1,100,101,0.9,0.95,0.09999999999999998,0.050000000000000044,3,13,0.048818035954441286,0.11865751534510131,0.02332619312602642,0.0509560245932574,4,12,True,True,True,True,True,True,True,True
hypergeometric,1000,74,0.1,100,101,0.9,0.95,0.09999999999999998,0.050000000000000044,3,13,0.04524480322864085,0.11134960865586205,0.025949089748589102,0.05579607649868848,4,12,True,True,True,True,True,True,True,True
hypergeometric,1000,75,0.1,100,101,0.9,0.95,0.09999999999999998,0.050000000000000044,3,13,0.04191070632850341,0.10442502320613434,0.028785520454867052,0.06094094431657218,4,12,True,True,True,True,True,True,True,True
hypergeometric,1000,76,0.1,100,101,0.9,0.95,0.09999999999999998,0.050000000000000044,4,13,0.09786946781464878,0.19751390976533176,0.031844631049283534,0.06639650305415946,5,12,True,True,True,True,True,True,True,True
hypergeometric,1000,77,0.1,100,101,0.9,0.95,0.09999999999999998,0.050000000000000044,4,13,0.09166865026900053,0.1871612404717683,0.03513528552592421,0.07216780475167692,5,12,True,True,True,True,True,True,True,True
hypergeometric,1000,78,0.1,100,101,0.9,0.95,0.09999999999999998,0.050000000000000044,4,13,0.08580833977930472,0.17722918341924512,0.03866601325275573,0.0782590395696337,5,12,True,True,True,True,True,True,True,True
hypergeometric,1000,79,0.1,100,101,0.9,0.95,0.09999999999999998,0.050000000000000044,4,13,0.0802744228502776,0.16771031032881994,0.042444957196218686,0.08467350208431734,5,12,True,True,True,True,True,True,True,True
hypergeometric,1000,80,0.1,100,101,0.9,0.95,0.09999999999999998,0.050000000000000044,4,13,0.07505295291396714,0.1585964718945586,0.04647982359162908,0.09141356299479009,5,12,True,True,True,True,True,True,True,True
hypergeometric,1000,81,0.1,100,101,0.9,0.95,0.09999999999999998,0.050000000000000044,4,14,0.07013019407241997,0.14987888730523846,0.023997925883556454,0.05077783344758288,5,13,True,True,True,True,True,True,True,True
hypergeometric,1000,82,0.1,100,101,0.9,0.95,0.09999999999999998,0.050000000000000044,4,14,0.06549265930636508,0.1415482294702327,0.026533129319976263,0.05534567625421473,5,13,True,True,True,True,True,True,True,True
hypergeometric,1000,83,0.1,100,101,0.9,0.95,0.09999999999999998,0.050000000000000044,4,14,0.061127143505904855,0.13359470579302127,0.029263730173212682,0.060189466240715396,5,13,True,True,True,True,True,True,True,True
hypergeometric,1000,84,0.1,100,101,0.9,0.95,0.09999999999999998,0.050000000000000044,4,14,0.05702075167802411,0.12600813438668654,0.03219779673579272,0.06531470150216677,5,13,True,True,True,True,True,True,True,True
hypergeometric,1000,85,0.1,100,101,0.9,0.95,0.09999999999999998,0.050000000000000044,4,14,0.053160922678247145,0.11877801567489366,0.035343179612068176,0.07072622628790251,5,13,True,True,True,True,True,True,True,True
hypergeometric,1000,86,0.1,100,101,0.9,0.95,0.09999999999999998,0.050000000000000044,4,14,0.04953544880894791,0.11189359936053529,0.038707469296011224,0.07642819671111313,5,13,True,True,True,True,True,True,True,True
hypergeometric,1000,87,0.1,100,101,0.9,0.95,0.09999999999999998,0.050000000000000044,4,14,0.04613249161524953,0.10534394678615575,0.04229795429066272,0.08242405010929908,5,13,True,True,True,True,True,True,True,True
hypergeometric,1000,88,0.1,100,101,0.9,0.95,0.09999999999999998,0.050000000000000044,5,14,0.09911798873976403,0.19043204008767137,0.046121580069654666,0.08871647824950239,6,13,True,True,True,True,True,True,True,True
hypergeometric,1000,89,0.1,100,101,0.9,0.95,0.09999999999999998,0.050000000000000044,5,15,0.09320457878800537,0.18092015973901265,0.02435374559099653,0.05018490917233523,6,14,True,True,True,True,True,True,True,True
hypergeometric,1000,90,0.1,100,101,0.9,0.95,0.09999999999999998,0.050000000000000044,5,15,0.08759254224604116,0.1717730903752826,0.026792252800649174,0.05449408271449098,6,14,True,True,True,True,True,True,True,True
hypergeometric,1000,91,0.1,100,101,0.9,0.95,0.09999999999999998,0.050000000000000044,5,15,0.08227072090989322,0.162985011174951,0.029410227935364824,0.059054783583398836,6,14,True,True,True,True,True,True,True,True
hypergeometric,1000,92,0.1,100,101,0.9,0.95,0.09999999999999998,0.050000000000000044,5,15,0.07722801369704974,0.15454952429357321,0.03221488336519968,0.06387220157126669,6,14,True,True,True,True,True,True,True,True
hypergeometric,1000,93,0.1,100,101,0.9,0.95,0.09999999999999998,0.050000000000000044,5,15,0.07245341335409795,0.14645971866944146,0.035213263723917636,0.0689510006834512,6,14,True,True,True,True,True,True,True,True
hypergeometric,1000,94,0.1,100,101,0.9,0.95,0.09999999999999998,0.050000000000000044,5,15,0.06793603940030657,0.1387082313430969,0.038412211219528355,0.0742952888396198,6,14,True,True,True,True,True,True,True,True
hypergeometric,1000,95,0.1,100,101,0.9,0.95,0.09999999999999998,0.050000000000000044,5,15,0.06366516748530195,0.1312873061393907,0.041818331170213295,0.07990859016521198,6,14,True,True,True,True,True,True,True,True
hypergeometric,1000,96,0.1,100,101,0.9,0.95,0.09999999999999998,0.050000000000000044,5,15,0.05963025534462583,0.12418884959557952,0.04543795799184693,0.08579382004847165,6,14,True,True,True,True,True,True,True,True
hypergeometric,1000,97,0.1,100,101,0.9,0.95,0.09999999999999998,0.050000000000000044,5,15,0.0558209655399142,0.11740448404931313,0.049277121860067455,0.09195326311637757,6,14,True,True,True,True,True,True,True,True
hypergeometric,1000,98,0.1,100,101,0.9,0.95,0.09999999999999998,0.050000000000000044,5,16,0.05222718517337797,0.11092559782738842,0.026787472817048782,0.053341516265421496,6,15,True,True,True,True,True,True,True,True
hypergeometric,1000,99,0.1,100,101,0.9,0.95,0.09999999999999998,0.050000000000000044,5,16,0.0488390427649637,0.10474339250357743,0.02928979398457306,0.05763646667275005,6,15,True,True,True,True,True,True,True,True
hypergeometric,1000,100,0.1,100,101,0.9,0.95,0.09999999999999998,0.050000000000000044,6,16,0.09884892721479684,0.18305557419700758,0.03196400838913511,0.06216690048750943,7,15,True,True,True,True,True,True,True,True
hypergeometric,1000,101,0.1,100,101,0.9,0.95,0.09999999999999998,0.050000000000000044,6,16,0.09323316004846241,0.174260657734378,0.034816503753982764,0.06693731852243227,7,15,True,True,True,True,True,True,True,True
hypergeometric,1000,102,0.1,100,101,0.9,0.95,0.09999999999999998,0.050000000000000044,6,16,0.08788698652857085,0.1657883721031638,0.03785351071206988,0.07195176814491994,7,15,True,True,True,True,True,True,True,True
hypergeometric,1000,103,0.1,100,101,0.9,0.95,0.09999999999999998,0.050000000000000044,6,16,0.08280127524874559,0.1576338840807823,0.04108107405482863,0.07721381827389193,7,15,True,True,True,True,True,True,True,True
hypergeometric,1000,104,0.1,100,101,0.9,0.95,0.09999999999999998,0.050000000000000044,6,16,0.07796690070999636,0.14979189385762046,0.044505024175910526,0.08272653638030569,7,15,True,True,True,True,True,True,True,True
hypergeometric,1000,105,0.1,100,101,0.9,0.95,0.09999999999999998,0.050000000000000044,6,16,0.07337477343763943,0.1422566825229884,0.048130948882807646,0.08849246762988291,7,15,True,True,True,True,True,True,True,True
hypergeometric,1000,106,0.1,100,101,0.9,0.95,0.09999999999999998,0.050000000000000044,6,17,0.06901586745893955,0.13502215799335135,0.026569104021414214,0.05196416574705166,7,16,True,True,True,True,True,True,True,True
hypergeometric,1000,107,0.1,100,101,0.9,0.95,0.09999999999999998,0.050000000000000044,6,17,0.06488124523307387,0.12808189925704966,0.0289552172036869,0.056009695161262515,7,16,True,True,True,True,True,True,True,True
hypergeometric,1000,108,0.1,100,101,0.9,0.95,0.09999999999999998,0.050000000000000044,6,17,0.060962080132027155,0.12142919883347317,0.03150009530943507,0.06027223426593336,7,16,True,True,True,True,True,True,True,True
hypergeometric,1000,109,0.1,100,101,0.9,0.95,0.09999999999999998,0.050000000000000044,6,17,0.05724967657684327,0.11505710336489268,0.0342095792470454,0.0647561319035848,7,16,True,True,True,True,True,True,True,True
hypergeometric,1000,110,0.1,100,101,0.9,0.95,0.09999999999999998,0.050000000000000044,6,17,0.05373548793692993,0.10895845227840714,0.03708938892509979,0.06946536475100615,7,16,True,True,True,True,True,True,True,True
hypergeometric,1000,111,0.1,100,101,0.9,0.95,0.09999999999999998,0.050000000000000044,6,17,0.05041113230479144,0.10312591447155356,0.040145099003061416,0.07440351477170912,7,16,True,True,True,True,True,True,True,True
hypergeometric,1000,112,0.1,100,101,0.9,0.95,0.09999999999999998,0.050000000000000044,7,17,0.09755202299385418,0.17558650368166362,0.04338211466623921,0.07957374812262952,8,16,True,True,True,True,True,True,True,True
hypergeometric,1000,113,0.1,100,101,0.9,0.95,0.09999999999999998,0.050000000000000044,7,17,0.09222920770884044,0.16741397360963356,0.0468056475607678,0.08497879563795734,8,16,True,True,True,True,True,True,True,True
hypergeometric,1000,114,0.1,100,101,0.9,0.95,0.09999999999999998,0.050000000000000044,7,18,0.08714982593651052,0.15953101619275195,0.026178629155487524,0.05042069202352907,8,17,True,True,True,True,True,True,True,True
hypergeometric,1000,115,0.1,100,101,0.9,0.95,0.09999999999999998,0.050000000000000044,7,18,0.08230619108715581,0.15193344204626863,0.028449612471558,0.054232001741722435,8,17,True,True,True,True,True,True,True,True
hypergeometric,1000,116,0.1,100,101,0.9,0.95,0.09999999999999998,0.050000000000000044,7,18,0.0776905993098184,0.14461668008103246,0.03086762186073443,0.058244066973835724,8,17,True,True,True,True,True,True,True,True
hypergeometric,1000,117,0.1,100,101,0.9,0.95,0.09999999999999998,0.050000000000000044,7,18,0.07329535418630748,0.13757581411752468,0.03343803469376444,0.06246109246146709,8,17,True,True,True,True,True,True,True,True
hypergeometric,1000,118,0.1,100,101,0.9,0.95,0.09999999999999998,0.050000000000000044,7,18,0.06911278951252704,0.1308056184509162,0.03616613638654773,0.06688697615722464,8,17,True,True,True,True,True,True,True,True
hypergeometric,1000,119,0.1,100,101,0.9,0.95,0.09999999999999998,0.050000000000000044,7,18,0.065135290214646,0.12430059227035042,0.0390570997663163,0.07152528888905618,8,17,True,True,True,True,True,True,True,True
hypergeometric,1000,120,0.1,100,101,0.9,0.95,0.09999999999999998,0.050000000000000044,7,18,0.061355311455134065,0.11805499284787163,0.04211596434882946,0.07637925507528323,8,17,True,True,True,True,True,True,True,True
hypergeometric,1000,121,0.1,100,101,0.9,0.95,0.09999999999999998,0.050000000000000044,7,18,0.05776539598806331,0.11206286742796756,0.04534761563324364,0.08145173459946296,8,17,True,True,True,True,True,True,True,True
hypergeometric,1000,122,0.1,100,101,0.9,0.95,0.09999999999999998,0.050000000000000044,7,18,0.054358189828595194,0.10631808376031282,0.04875676452311514,0.0867452059451477,8,17,True,True,True,True,True,True,True,True
hypergeometric,1000,123,0.1,100,101,0.9,0.95,0.09999999999999998,0.050000000000000044,7,19,0.05112645630487188,0.10081435923222132,0.027808316852074643,0.052347926981001776,8,18,True,True,True,True,True,True,True,True
hypergeometric,1000,124,0.1,100,101,0.9,0.95,0.09999999999999998,0.050000000000000044,8,19,0.0955452885683305,0.16814137327100648,0.030102784389781954,0.05612540402478608,9,18,True,True,True,True,True,True,True,True
hypergeometric,1000,125,0.1,100,101,0.9,0.95,0.09999999999999998,0.050000000000000044,8,19,0.09050437007459829,0.16051712693239006,0.03253869170720966,0.06009326217165853,9,18,True,True,True,True,True,True,True,True
hypergeometric,1000,126,0.1,100,101,0.9,0.95,0.09999999999999998,0.050000000000000044,8,19,0.0856850304157332,0.1531557856399543,0.035120948596444074,0.06425531443423158,9,18,True,True,True,True,True,True,True,True
hypergeometric,1000,127,0.1,100,101,0.9,0.95,0.09999999999999998,0.050000000000000044,8,19,0.0810806479227471,0.1460536008795184,0.03785437880092413,0.06861510197001623,9,18,True,True,True,True,True,True,True,True
hypergeometric,1000,128,0.1,100,101,0.9,0.95,0.09999999999999998,0.050000000000000044,8,19,0.07668457443581334,0.13920650847171734,0.040743702168471146,0.07317587648297155,9,18,True,True,True,True,True,True,True,True
hypergeometric,1000,129,0.1,100,101,0.9,0.95,0.09999999999999998,0.050000000000000044,8,19,0.07249015569601017,0.13261015763301448,0.04379351672555377,0.07794058347064683,9,18,True,True,True,True,True,True,True,True
hypergeometric,1000,130,0.1,100,101,0.9,0.95,0.09999999999999998,0.050000000000000044,8,19,0.06849075030489019,0.12625993928833182,0.047008280758952754,0.08291184640645362,9,18,True,True,True,True,True,True,True,True
hypergeometric,1000,131,0.1,100,101,0.9,0.95,0.09999999999999998,0.050000000000000044,8,20,0.06467974727808712,0.12015101355680867,0.027060407382872555,0.05039229499239476,9,19,True,True,True,True,True,True,True,True
hypergeometric,1000,132,0.1,100,101,0.9,0.95,0.09999999999999998,0.050000000000000044,8,20,0.06105058222442977,0.1142783363442958,0.029235186320008877,0.05394968494614129,9,19,True,True,True,True,True,True,True,True
hypergeometric,1000,133,0.1,100,101,0.9,0.95,0.09999999999999998,0.050000000000000044,8,20,0.05759675218525763,0.10863668498592116,0.03154149321944328,0.05768438356724778,9,19,True,True,True,True,True,True,True,True
hypergeometric,1000,134,0.1,100,101,0.9,0.95,0.09999999999999998,0.050000000000000044,8,20,0.05431182917458731,0.10322068288938437,0.033983908580652505,0.06160011421723177,9,19,True,True,True,True,True,True,True,True
hypergeometric,1000,135,0.1,100,101,0.9,0.95,0.09999999999999998,0.050000000000000044,9,20,0.09802482314143399,0.16816892973931957,0.03656694859979269,0.06570037410282285,10,19,True,True,True,True,True,True,True,True
hypergeometric,1000,136,0.1,100,101,0.9,0.95,0.09999999999999998,0.050000000000000044,9,20,0.09304349104611702,0.1607896075423791,0.03929504971624889,0.06998841823397259,10,19,True,True,True,True,True,True,True,True
hypergeometric,1000,137,0.1,100,101,0.9,0.95,0.09999999999999998,0.050000000000000044,9,20,0.08827098557336838,0.15365431055029433,0.042172553014784814,0.07446724398962971,10,19,True,True,True,True,True,True,True,True
hypergeometric,1000,138,0.1,100,101,0.9,0.95,0.09999999999999998,0.050000000000000044,9,20,0.08370153970121208,0.14675989273699688,0.045203688552415466,0.07913957637039101,10,19,True,True,True,True,True,True,True,True
hypergeometric,1000,139,0.1,100,101,0.9,0.95,0.09999999999999998,0.050000000000000044,9,20,0.07932933964447465,0.14010292043275596,0.04839255968149936,0.08400785401281496,10,19,True,True,True,True,True,True,True,True
hypergeometric,1000,140,0.1,100,101,0.9,0.95,0.09999999999999998,0.050000000000000044,9,21,0.0751485429673705,0.1336796964469639,0.02828915312515399,0.051743127440899817,10,20,True,True,True,True,True,True,True,True
hypergeometric,1000,141,0.1,100,101,0.9,0.95,0.09999999999999998,0.050000000000000044,9,21,0.07115329558357247,0.12748628369506762,0.030470918177786032,0.05525919508769421,10,20,True,True,True,True,True,True,True,True
hypergeometric,1000,142,0.1,100,101,0.9,0.95,0.09999999999999998,0.050000000000000044,9,21,0.06733774765348038,0.12151852826066686,0.032779488786390844,0.05894439284200327,10,20,True,True,True,True,True,True,True,True
hypergeometric,1000,143,0.1,100,101,0.9,0.95,0.09999999999999998,0.050000000000000044,9,21,0.06369606839192107,0.1157720818326232,0.03521910688015213,0.0628021629171163,10,20,True,True,True,True,True,True,True,True
hypergeometric,1000,144,0.1,100,101,0.9,0.95,0.09999999999999998,0.050000000000000044,9,21,0.06022245980457035,0.11024242346265259,0.03779395458489418,0.06683574490620041,10,20,True,True,True,True,True,True,True,True
hypergeometric,1000,145,0.1,100,101,0.9,0.95,0.09999999999999998,0.050000000000000044,9,21,0.056911169375505694,0.10492488059715763,0.04050814059623924,0.0710481615957773,10,20,True,True,True,True,True,True,True,True
hypergeometric,1000,146,0.1,100,101,0.9,0.95,0.09999999999999998,0.050000000000000044,10,21,0.09981464934434764,0.16764135506374384,0.04336568642074697,0.07544220527430519,11,20,True,True,True,True,True,True,True,True
hypergeometric,1000,147,0.1,100,101,0.9,0.95,0.09999999999999998,0.050000000000000044,10,21,0.09490681394289234,0.16049334158046014,0.046370512542832504,0.08002042460212047,11,20,True,True,True,True,True,True,True,True
hypergeometric,1000,148,0.1,100,101,0.9,0.95,0.09999999999999998,0.050000000000000044,10,21,0.0901963654060404,0.1535733093560847,0.049526424576543264,0.08478511210609027,11,20,True,True,True,True,True,True,True,True
hypergeometric,1000,149,0.1,100,101,0.9,0.95,0.09999999999999998,0.050000000000000044,10,22,0.08567821932016273,0.1468785617556882,0.02934707289406892,0.05283709946193114,11,21,True,True,True,True,True,True,True,True
hypergeometric,1000,150,0.1,100,101,0.9,0.95,0.09999999999999998,0.050000000000000044,10,22,0.08134723278270806,0.1404061401114587,0.03152769815711555,0.05630607176736452,11,21,True,True,True,True,True,True,True,True
hypergeometric,1000,151,0.1,100,101,0.9,0.95,0.09999999999999998,0.050000000000000044,10,22,0.0771982204695423,0.13415284404133826,0.03383062935147925,0.05993672015762044,11,21,True,True,True,True,True,True,True,True
hypergeometric,1000,152,0.1,100,101,0.9,0.95,0.09999999999999998,0.050000000000000044,10,22,0.07322596982671023,0.1281152514365717,0.03625981801306265,0.06373225408918634,11,21,True,True,True,True,True,True,True,True
hypergeometric,1000,153,0.1,100,101,0.9,0.95,0.09999999999999998,0.050000000000000044,10,22,0.0694252553862485,0.1222897380581496,0.038819160524869285,0.06769570079259679,11,21,True,True,True,True,True,True,True,True
hypergeometric,1000,154,0.1,100,101,0.9,0.95,0.09999999999999998,0.050000000000000044,10,22,0.06579085220918893,0.11667249668805885,0.041512486004384265,0.07182989260127014,11,21,True,True,True,True,True,True,True,True
hypergeometric,1000,155,0.1,100,101,0.9,0.95,0.09999999999999998,0.050000000000000044,10,22,0.06231754846374831,0.11125955578605719,0.044343544067219166,0.07613745468494754,11,21,True,True,True,True,True,True,True,True
hypergeometric,1000,156,0.1,100,101,0.9,0.95,0.09999999999999998,0.050000000000000044,10,22,0.059000157149215804,0.10604679760973659,0.04731599251549426,0.080620793244659,11,21,True,True,True,True,True,True,True,True
hypergeometric,1000,157,0.1,100,101,0.9,0.95,0.09999999999999998,0.050000000000000044,10,23,0.05583352697993259,0.10102997575966746,0.028186538628359886,0.050433385000818336,11,22,True,True,True,True,True,True,True,True
hypergeometric,1000,158,0.1,100,101,0.9,0.95,0.09999999999999998,0.050000000000000044,11,23,0.0962047321176985,0.15973710673690347,0.030244965694858208,0.05369915871209062,12,22,True,True,True,True,True,True,True,True
hypergeometric,1000,159,0.1,100,101,0.9,0.95,0.09999999999999998,0.050000000000000044,11,23,0.09156661315039533,0.15302168946717062,0.032417681912614224,0.0571166221397386,12,22,True,True,True,True,True,True,True,True
hypergeometric,1000,160,0.1,100,101,0.9,0.95,0.09999999999999998,0.050000000000000044,11,23,0.08711108555547498,0.146518120154218,0.034708427855198176,0.0606889429677198,12,22,True,True,True,True,True,True,True,True
hypergeometric,1000,161,0.1,100,101,0.9,0.95,0.09999999999999998,0.050000000000000044,11,23,0.08283355123298697,0.14022380339314128,0.037120904258509946,0.06441913614472995,12,22,True,True,True,True,True,True,True,True
hypergeometric,1000,162,0.1,100,101,0.9,0.95,0.09999999999999998,0.050000000000000044,11,23,0.0787293615671866,0.134135922055546,0.039658761334947584,0.06831005218626691,12,22,True,True,True,True,True,True,True,True
hypergeometric,1000,163,0.1,100,101,0.9,0.95,0.09999999999999998,0.050000000000000044,11,23,0.07479383100983716,0.12825145441418997,0.04232558792970006,0.07236436575820368,12,22,True,True,True,True,True,True,True,True
hypergeometric,1000,164,0.1,100,101,0.9,0.95,0.09999999999999998,0.050000000000000044,11,23,0.0710222499585049,0.12256719099369501,0.04512490055887383,0.07658456459189432,12,22,True,True,True,True,True,True,True,True
hypergeometric,1000,165,0.1,100,101,0.9,0.95,0.09999999999999998,0.050000000000000044,11,23,0.0674098969278893,0.11707975109883301,0.04806013237056231,0.0809729387798025,12,22,True,True,True,True,True,True,True,True
hypergeometric,1000,166,0.1,100,101,0.9,0.95,0.09999999999999998,0.050000000000000044,11,24,0.06395205001493033,0.11178559897761457,0.028944826841348303,0.051134622071072486,12,23,True,True,True,True,True,True,True,True
hypergeometric,1000,167,0.1,100,101,0.9,0.95,0.09999999999999998,0.050000000000000044,11,24,0.06064399766149252,0.10668105957992391,0.03099352496208208,0.05435160285930178,12,23,True,True,True,True,True,True,True,True
hypergeometric,1000,168,0.1,100,101,0.9,0.95,0.09999999999999998,0.050000000000000044,11,24,0.05748104872185774,0.10176233387672573,0.03315267501980111,0.05771419141316186,12,23,True,True,True,True,True,True,True,True
hypergeometric,1000,169,0.1,100,101,0.9,0.95,0.09999999999999998,0.050000000000000044,12,24,0.0970255137099147,0.15860417587839634,0.03542579612832576,0.06122537697173373,13,23,True,True,True,True,True,True,True,True
hypergeometric,1000,170,0.1,100,101,0.9,0.95,0.09999999999999998,0.050000000000000044,12,24,0.09246659614541985,0.1520832104501967,0.03781637100792028,0.06488801055789319,13,23,True,True,True,True,True,True,True,True
hypergeometric,1000,171,0.1,100,101,0.9,0.95,0.09999999999999998,0.050000000000000044,12,24,0.08808149730763669,0.14576241278894939,0.040327836363752256,0.06870479438537389,13,23,True,True,True,True,True,True,True,True
hypergeometric,1000,172,0.1,100,101,0.9,0.95,0.09999999999999998,0.050000000000000044,12,24,0.08386606567573203,0.13963946880537773,0.04296357311606991,0.07267827149405218,13,23,True,True,True,True,True,True,True,True
hypergeometric,1000,173,0.1,100,101,0.9,0.95,0.09999999999999998,0.050000000000000044,12,24,0.07981609482650467,0.1337118607432747,0.04572689651595145,0.07681081565733583,13,23,True,True,True,True,True,True,True,True
hypergeometric,1000,174,0.1,100,101,0.9,0.95,0.09999999999999998,0.050000000000000044,12,24,0.07592733561180226,0.1279768820242151,0.048621046182063955,0.08110462160390217,13,23,True,True,True,True,True,True,True,True
hypergeometric,1000,175,0.1,100,101,0.9,0.95,0.09999999999999998,0.050000000000000044,12,25,0.0721955077616658,0.12243165189797933,0.029569062151106586,0.05164917609427145,13,24,True,True,True,True,True,True,True,True
hypergeometric,1000,176,0.1,100,101,0.9,0.95,0.09999999999999998,0.050000000000000044,12,25,0.06861631090743181,0.11707312985675809,0.031603109011327346,0.054814344581041,13,24,True,True,True,True,True,True,True,True
hypergeometric,1000,177,0.1,100,101,0.9,0.95,0.09999999999999998,0.050000000000000044,12,25,0.06518543502163232,0.11189812977476163,0.03374395112697468,0.058119504338554354,13,24,True,True,True,True,True,True,True,True
hypergeometric,1000,178,0.1,100,101,0.9,0.95,0.09999999999999998,0.050000000000000044,12,25,0.06189857027429313,0.10690333373801084,0.03599491351347076,0.061567492519116494,13,24,True,True,True,True,True,True,True,True
hypergeometric,1000,179,0.1,100,101,0.9,0.95,0.09999999999999998,0.050000000000000044,12,25,0.058751416308278404,0.1020853055326658,0.03835928821473936,0.06516102092752282,13,24,True,True,True,True,True,True,True,True
hypergeometric,1000,180,0.1,100,101,0.9,0.95,0.09999999999999998,0.050000000000000044,13,25,0.09744050376440361,0.15715938364211207,0.04084032559130998,0.06890266636387263,14,24,True,True,True,True,True,True,True,True
hypergeometric,1000,181,0.1,100,101,0.9,0.95,0.09999999999999998,0.050000000000000044,13,25,0.0929652945829778,0.15082335614289719,0.04344122546779629,0.07279486115054129,14,24,True,True,True,True,True,True,True,True
hypergeometric,1000,182,0.1,100,101,0.9,0.95,0.09999999999999998,0.050000000000000044,13,25,0.08865596399061203,0.14467726169148343,0.04616512816851848,0.07683988388199692,14,24,True,True,True,True,True,True,True,True
hypergeometric,1000,183,0.1,100,101,0.9,0.95,0.09999999999999998,0.050000000000000044,13,25,0.08450872971542922,0.13871900631255235,0.0490151054719757,0.08103985043444983,14,24,True,True,True,True,True,True,True,True
hypergeometric,1000,184,0.1,100,101,0.9,0.95,0.09999999999999998,0.050000000000000044,13,26,0.08051975263415964,0.13294630855986928,0.030068372638360746,0.05199415151499377,14,25,True,True,True,True,True,True,True,True
hypergeometric,1000,185,0.1,100,101,0.9,0.95,0.09999999999999998,0.050000000000000044,13,26,0.07668514773089563,0.12735671252371675,0.03208360966746074,0.05510517367866209,14,25,True,True,True,True,True,True,True,True
hypergeometric,1000,186,0.1,100,101,0.9,0.95,0.09999999999999998,0.050000000000000044,13,26,0.07300099458229967,0.12194760069917057,0.034202158502842056,0.058350983488558814,14,25,True,True,True,True,True,True,True,True
hypergeometric,1000,187,0.1,100,101,0.9,0.95,0.09999999999999998,0.050000000000000044,13,26,0.06946334736056199,0.11671620667928591,0.036427173089970455,0.06173428756239082,14,25,True,True,True,True,True,True,True,True
hypergeometric,1000,188,0.1,100,101,0.9,0.95,0.09999999999999998,0.050000000000000044,13,26,0.06606824434975281,0.11165962763777643,0.03876177774608401,0.06525767863850976,14,25,True,True,True,True,True,True,True,True
hypergeometric,1000,189,0.1,100,101,0.9,0.95,0.09999999999999998,0.050000000000000044,13,26,0.06281171697202409,0.10677483657120307,0.04120905923245293,0.06892362671872353,14,25,True,True,True,True,True,True,True,True
hypergeometric,1000,190,0.1,100,101,0.9,0.95,0.09999999999999998,0.050000000000000044,13,26,0.05968979832320313,0.10205869427139729,0.043772058691739134,0.07273447035914721,14,25,True,True,True,True,True,True,True,True
hypergeometric,1000,191,0.1,100,101,0.9,0.95,0.09999999999999998,0.050000000000000044,14,26,0.09750796100287867,0.1554539646218982,0.046453763475741545,0.07669240814278948,15,25,True,True,True,True,True,True,True,True
hypergeometric,1000,192,0.1,100,101,0.9,0.95,0.09999999999999998,0.050000000000000044,14,26,0.09311930786165323,0.14929406806906262,0.049257098889867124,0.08079949036628614,15,25,True,True,True,True,True,True,True,True
hypergeometric,1000,193,0.1,100,101,0.9,0.95,0.09999999999999998,0.050000000000000044,14,27,0.08888932779544462,0.14331507131428878,0.03045147944765397,0.052184919880875105,15,26,True,True,True,True,True,True,True,True
hypergeometric,1000,194,0.1,100,101,0.9,0.95,0.09999999999999998,0.050000000000000044,14,27,0.08481454626684297,0.13751505403722275,0.03244438476619285,0.055240002696254994,15,26,True,True,True,True,True,True,True,True
hypergeometric,1000,195,0.1,100,101,0.9,0.95,0.09999999999999998,0.050000000000000044,14,27,0.08089143154446696,0.13189192293522226,0.03453728269030021,0.05842503654332814,15,26,True,True,True,True,True,True,True,True
hypergeometric,1000,196,0.1,100,101,0.9,0.95,0.09999999999999998,0.050000000000000044,14,27,0.07711640460888626,0.12644342323383523,0.03673317559107729,0.0617426152771956,15,26,True,True,True,True,True,True,True,True
hypergeometric,1000,197,0.1,100,101,0.9,0.95,0.09999999999999998,0.050000000000000044,14,27,0.07348584866203918,0.1211671500973378,0.03903503944278111,0.06519522914676772,15,26,True,True,True,True,True,True,True,True
hypergeometric,1000,198,0.1,100,101,0.9,0.95,0.09999999999999998,0.050000000000000044,14,27,0.06999611823217197,0.11606055990626248,0.041445816576156896,0.06878525662837996,15,26,True,True,True,True,True,True,True,True
hypergeometric,1000,199,0.1,100,101,0.9,0.95,0.09999999999999998,0.050000000000000044,14,27,0.06664354786745416,0.11112098137261422,0.04396840830167843,0.07251495637690769,15,26,True,True,True,True,True,True,True,True
hypergeometric,1000,200,0.1,100,101,0.9,0.95,0.09999999999999998,0.050000000000000044,14,27,0.06342446041365302,0.10634562646443474,0.046605667424736597,0.07638645932378783,15,26,True,True,True,True,True,True,True,True
